model_id,location,origin_date,horizon,target_end_date,target,output_type,output_type_id,value
nfidd-mvn-season,US National,2015-11-14,1,2015-11-21,ili perc,quantile,0.01,0.36874908367319714
nfidd-mvn-season,US National,2015-11-14,1,2015-11-21,ili perc,quantile,0.025,0.47791484158549014
nfidd-mvn-season,US National,2015-11-14,1,2015-11-21,ili perc,quantile,0.05,0.5514340314419555
nfidd-mvn-season,US National,2015-11-14,1,2015-11-21,ili perc,quantile,0.1,0.6118122817336067
nfidd-mvn-season,US National,2015-11-14,1,2015-11-21,ili perc,quantile,0.15,0.6600489118559202
nfidd-mvn-season,US National,2015-11-14,1,2015-11-21,ili perc,quantile,0.2,0.7603315190933837
nfidd-mvn-season,US National,2015-11-14,1,2015-11-21,ili perc,quantile,0.25,0.8383250846140023
nfidd-mvn-season,US National,2015-11-14,1,2015-11-21,ili perc,quantile,0.3,0.9113610237785892
nfidd-mvn-season,US National,2015-11-14,1,2015-11-21,ili perc,quantile,0.35,0.9480803069644049
nfidd-mvn-season,US National,2015-11-14,1,2015-11-21,ili perc,quantile,0.4,1.0388799292578004
nfidd-mvn-season,US National,2015-11-14,1,2015-11-21,ili perc,quantile,0.45,1.0674134972052778
nfidd-mvn-season,US National,2015-11-14,1,2015-11-21,ili perc,quantile,0.5,1.1078484383718203
nfidd-mvn-season,US National,2015-11-14,1,2015-11-21,ili perc,quantile,0.55,1.2268924850830294
nfidd-mvn-season,US National,2015-11-14,1,2015-11-21,ili perc,quantile,0.6,1.2883730312075117
nfidd-mvn-season,US National,2015-11-14,1,2015-11-21,ili perc,quantile,0.65,1.3685737927561146
nfidd-mvn-season,US National,2015-11-14,1,2015-11-21,ili perc,quantile,0.7,1.430500717359762
nfidd-mvn-season,US National,2015-11-14,1,2015-11-21,ili perc,quantile,0.75,1.4830201913081855
nfidd-mvn-season,US National,2015-11-14,1,2015-11-21,ili perc,quantile,0.8,1.6026182442110417
nfidd-mvn-season,US National,2015-11-14,1,2015-11-21,ili perc,quantile,0.85,1.6895824391910934
nfidd-mvn-season,US National,2015-11-14,1,2015-11-21,ili perc,quantile,0.9,1.9241423659683168
nfidd-mvn-season,US National,2015-11-14,1,2015-11-21,ili perc,quantile,0.95,2.1111332931670095
nfidd-mvn-season,US National,2015-11-14,1,2015-11-21,ili perc,quantile,0.975,2.368772970841507
nfidd-mvn-season,US National,2015-11-14,1,2015-11-21,ili perc,quantile,0.99,2.501410022842086
nfidd-mvn-season,US National,2015-11-14,2,2015-11-28,ili perc,quantile,0.01,0.2734070201589464
nfidd-mvn-season,US National,2015-11-14,2,2015-11-28,ili perc,quantile,0.025,0.3743275432917167
nfidd-mvn-season,US National,2015-11-14,2,2015-11-28,ili perc,quantile,0.05,0.4925680893731166
nfidd-mvn-season,US National,2015-11-14,2,2015-11-28,ili perc,quantile,0.1,0.545726468849635
nfidd-mvn-season,US National,2015-11-14,2,2015-11-28,ili perc,quantile,0.15,0.6662524452407428
nfidd-mvn-season,US National,2015-11-14,2,2015-11-28,ili perc,quantile,0.2,0.7542530423067408
nfidd-mvn-season,US National,2015-11-14,2,2015-11-28,ili perc,quantile,0.25,0.7962564982920985
nfidd-mvn-season,US National,2015-11-14,2,2015-11-28,ili perc,quantile,0.3,0.8636634798755545
nfidd-mvn-season,US National,2015-11-14,2,2015-11-28,ili perc,quantile,0.35,0.9316143881257547
nfidd-mvn-season,US National,2015-11-14,2,2015-11-28,ili perc,quantile,0.4,0.9740286062017127
nfidd-mvn-season,US National,2015-11-14,2,2015-11-28,ili perc,quantile,0.45,1.049888036579286
nfidd-mvn-season,US National,2015-11-14,2,2015-11-28,ili perc,quantile,0.5,1.1267928389781319
nfidd-mvn-season,US National,2015-11-14,2,2015-11-28,ili perc,quantile,0.55,1.165270001827742
nfidd-mvn-season,US National,2015-11-14,2,2015-11-28,ili perc,quantile,0.6,1.2634219752364975
nfidd-mvn-season,US National,2015-11-14,2,2015-11-28,ili perc,quantile,0.65,1.306470729658482
nfidd-mvn-season,US National,2015-11-14,2,2015-11-28,ili perc,quantile,0.7,1.4102290411170124
nfidd-mvn-season,US National,2015-11-14,2,2015-11-28,ili perc,quantile,0.75,1.5234957137850151
nfidd-mvn-season,US National,2015-11-14,2,2015-11-28,ili perc,quantile,0.8,1.5945244986241494
nfidd-mvn-season,US National,2015-11-14,2,2015-11-28,ili perc,quantile,0.85,1.8061061780446193
nfidd-mvn-season,US National,2015-11-14,2,2015-11-28,ili perc,quantile,0.9,1.9609974431212716
nfidd-mvn-season,US National,2015-11-14,2,2015-11-28,ili perc,quantile,0.95,2.3278674377129343
nfidd-mvn-season,US National,2015-11-14,2,2015-11-28,ili perc,quantile,0.975,2.6909706760387633
nfidd-mvn-season,US National,2015-11-14,2,2015-11-28,ili perc,quantile,0.99,2.860428195599374
nfidd-mvn-season,US National,2015-11-14,3,2015-12-05,ili perc,quantile,0.01,0.2922039925665265
nfidd-mvn-season,US National,2015-11-14,3,2015-12-05,ili perc,quantile,0.025,0.4000452974853499
nfidd-mvn-season,US National,2015-11-14,3,2015-12-05,ili perc,quantile,0.05,0.4390363635055741
nfidd-mvn-season,US National,2015-11-14,3,2015-12-05,ili perc,quantile,0.1,0.5907736398472477
nfidd-mvn-season,US National,2015-11-14,3,2015-12-05,ili perc,quantile,0.15,0.6509163288212103
nfidd-mvn-season,US National,2015-11-14,3,2015-12-05,ili perc,quantile,0.2,0.7139980212970517
nfidd-mvn-season,US National,2015-11-14,3,2015-12-05,ili perc,quantile,0.25,0.7543356243584813
nfidd-mvn-season,US National,2015-11-14,3,2015-12-05,ili perc,quantile,0.3,0.8300326843987929
nfidd-mvn-season,US National,2015-11-14,3,2015-12-05,ili perc,quantile,0.35,0.9684518587926048
nfidd-mvn-season,US National,2015-11-14,3,2015-12-05,ili perc,quantile,0.4,1.0333684262337637
nfidd-mvn-season,US National,2015-11-14,3,2015-12-05,ili perc,quantile,0.45,1.083313437703004
nfidd-mvn-season,US National,2015-11-14,3,2015-12-05,ili perc,quantile,0.5,1.1480599279909662
nfidd-mvn-season,US National,2015-11-14,3,2015-12-05,ili perc,quantile,0.55,1.2187393787207208
nfidd-mvn-season,US National,2015-11-14,3,2015-12-05,ili perc,quantile,0.6,1.3150459722909156
nfidd-mvn-season,US National,2015-11-14,3,2015-12-05,ili perc,quantile,0.65,1.3884643802149024
nfidd-mvn-season,US National,2015-11-14,3,2015-12-05,ili perc,quantile,0.7,1.482319563290121
nfidd-mvn-season,US National,2015-11-14,3,2015-12-05,ili perc,quantile,0.75,1.5554532458389863
nfidd-mvn-season,US National,2015-11-14,3,2015-12-05,ili perc,quantile,0.8,1.672857497369615
nfidd-mvn-season,US National,2015-11-14,3,2015-12-05,ili perc,quantile,0.85,1.8030763282065112
nfidd-mvn-season,US National,2015-11-14,3,2015-12-05,ili perc,quantile,0.9,2.125793040100156
nfidd-mvn-season,US National,2015-11-14,3,2015-12-05,ili perc,quantile,0.95,2.5382199766639624
nfidd-mvn-season,US National,2015-11-14,3,2015-12-05,ili perc,quantile,0.975,2.9774559353300383
nfidd-mvn-season,US National,2015-11-14,3,2015-12-05,ili perc,quantile,0.99,3.435089653964865
nfidd-mvn-season,US National,2015-11-14,4,2015-12-12,ili perc,quantile,0.01,0.22103397520927287
nfidd-mvn-season,US National,2015-11-14,4,2015-12-12,ili perc,quantile,0.025,0.24592830383921435
nfidd-mvn-season,US National,2015-11-14,4,2015-12-12,ili perc,quantile,0.05,0.3039961190707099
nfidd-mvn-season,US National,2015-11-14,4,2015-12-12,ili perc,quantile,0.1,0.41669638680272464
nfidd-mvn-season,US National,2015-11-14,4,2015-12-12,ili perc,quantile,0.15,0.5730529724586688
nfidd-mvn-season,US National,2015-11-14,4,2015-12-12,ili perc,quantile,0.2,0.8054765780098018
nfidd-mvn-season,US National,2015-11-14,4,2015-12-12,ili perc,quantile,0.25,0.8601131156169206
nfidd-mvn-season,US National,2015-11-14,4,2015-12-12,ili perc,quantile,0.3,0.9176667632140558
nfidd-mvn-season,US National,2015-11-14,4,2015-12-12,ili perc,quantile,0.35,1.028988166071811
nfidd-mvn-season,US National,2015-11-14,4,2015-12-12,ili perc,quantile,0.4,1.0915385754683296
nfidd-mvn-season,US National,2015-11-14,4,2015-12-12,ili perc,quantile,0.45,1.1978258717003085
nfidd-mvn-season,US National,2015-11-14,4,2015-12-12,ili perc,quantile,0.5,1.2558069207212679
nfidd-mvn-season,US National,2015-11-14,4,2015-12-12,ili perc,quantile,0.55,1.3490055330839656
nfidd-mvn-season,US National,2015-11-14,4,2015-12-12,ili perc,quantile,0.6,1.4573657914775482
nfidd-mvn-season,US National,2015-11-14,4,2015-12-12,ili perc,quantile,0.65,1.5636638488427141
nfidd-mvn-season,US National,2015-11-14,4,2015-12-12,ili perc,quantile,0.7,1.6959035684731034
nfidd-mvn-season,US National,2015-11-14,4,2015-12-12,ili perc,quantile,0.75,1.807872233458657
nfidd-mvn-season,US National,2015-11-14,4,2015-12-12,ili perc,quantile,0.8,1.857592668842574
nfidd-mvn-season,US National,2015-11-14,4,2015-12-12,ili perc,quantile,0.85,2.0825036537064836
nfidd-mvn-season,US National,2015-11-14,4,2015-12-12,ili perc,quantile,0.9,2.3132737787547155
nfidd-mvn-season,US National,2015-11-14,4,2015-12-12,ili perc,quantile,0.95,2.632996198530067
nfidd-mvn-season,US National,2015-11-14,4,2015-12-12,ili perc,quantile,0.975,2.820350718289287
nfidd-mvn-season,US National,2015-11-14,4,2015-12-12,ili perc,quantile,0.99,3.1270127170027786
nfidd-mvn-season,HHS Region 1,2015-11-14,1,2015-11-21,ili perc,quantile,0.01,0.2188466497096596
nfidd-mvn-season,HHS Region 1,2015-11-14,1,2015-11-21,ili perc,quantile,0.025,0.2359799615214403
nfidd-mvn-season,HHS Region 1,2015-11-14,1,2015-11-21,ili perc,quantile,0.05,0.2790099549546643
nfidd-mvn-season,HHS Region 1,2015-11-14,1,2015-11-21,ili perc,quantile,0.1,0.35357561231670537
nfidd-mvn-season,HHS Region 1,2015-11-14,1,2015-11-21,ili perc,quantile,0.15,0.4150665787747161
nfidd-mvn-season,HHS Region 1,2015-11-14,1,2015-11-21,ili perc,quantile,0.2,0.46299172889553236
nfidd-mvn-season,HHS Region 1,2015-11-14,1,2015-11-21,ili perc,quantile,0.25,0.5178627745815153
nfidd-mvn-season,HHS Region 1,2015-11-14,1,2015-11-21,ili perc,quantile,0.3,0.5489774890953999
nfidd-mvn-season,HHS Region 1,2015-11-14,1,2015-11-21,ili perc,quantile,0.35,0.5727497527886775
nfidd-mvn-season,HHS Region 1,2015-11-14,1,2015-11-21,ili perc,quantile,0.4,0.6071009372590281
nfidd-mvn-season,HHS Region 1,2015-11-14,1,2015-11-21,ili perc,quantile,0.45,0.6236836283717968
nfidd-mvn-season,HHS Region 1,2015-11-14,1,2015-11-21,ili perc,quantile,0.5,0.6522354925485827
nfidd-mvn-season,HHS Region 1,2015-11-14,1,2015-11-21,ili perc,quantile,0.55,0.6793665773968225
nfidd-mvn-season,HHS Region 1,2015-11-14,1,2015-11-21,ili perc,quantile,0.6,0.7253790321619846
nfidd-mvn-season,HHS Region 1,2015-11-14,1,2015-11-21,ili perc,quantile,0.65,0.7920556223592767
nfidd-mvn-season,HHS Region 1,2015-11-14,1,2015-11-21,ili perc,quantile,0.7,0.8152479311616766
nfidd-mvn-season,HHS Region 1,2015-11-14,1,2015-11-21,ili perc,quantile,0.75,0.8676404417905781
nfidd-mvn-season,HHS Region 1,2015-11-14,1,2015-11-21,ili perc,quantile,0.8,0.9249790019261799
nfidd-mvn-season,HHS Region 1,2015-11-14,1,2015-11-21,ili perc,quantile,0.85,1.0132371224274834
nfidd-mvn-season,HHS Region 1,2015-11-14,1,2015-11-21,ili perc,quantile,0.9,1.1861946432081198
nfidd-mvn-season,HHS Region 1,2015-11-14,1,2015-11-21,ili perc,quantile,0.95,1.3476407407447415
nfidd-mvn-season,HHS Region 1,2015-11-14,1,2015-11-21,ili perc,quantile,0.975,1.5309631132416128
nfidd-mvn-season,HHS Region 1,2015-11-14,1,2015-11-21,ili perc,quantile,0.99,1.685620177275082
nfidd-mvn-season,HHS Region 1,2015-11-14,2,2015-11-28,ili perc,quantile,0.01,0.17793715712749503
nfidd-mvn-season,HHS Region 1,2015-11-14,2,2015-11-28,ili perc,quantile,0.025,0.2092415988759274
nfidd-mvn-season,HHS Region 1,2015-11-14,2,2015-11-28,ili perc,quantile,0.05,0.27054912208611703
nfidd-mvn-season,HHS Region 1,2015-11-14,2,2015-11-28,ili perc,quantile,0.1,0.3424863466767733
nfidd-mvn-season,HHS Region 1,2015-11-14,2,2015-11-28,ili perc,quantile,0.15,0.4070885748456595
nfidd-mvn-season,HHS Region 1,2015-11-14,2,2015-11-28,ili perc,quantile,0.2,0.4431700256506313
nfidd-mvn-season,HHS Region 1,2015-11-14,2,2015-11-28,ili perc,quantile,0.25,0.47879135610845813
nfidd-mvn-season,HHS Region 1,2015-11-14,2,2015-11-28,ili perc,quantile,0.3,0.51556896809303
nfidd-mvn-season,HHS Region 1,2015-11-14,2,2015-11-28,ili perc,quantile,0.35,0.5577498988087916
nfidd-mvn-season,HHS Region 1,2015-11-14,2,2015-11-28,ili perc,quantile,0.4,0.6304937796395329
nfidd-mvn-season,HHS Region 1,2015-11-14,2,2015-11-28,ili perc,quantile,0.45,0.6509951314888311
nfidd-mvn-season,HHS Region 1,2015-11-14,2,2015-11-28,ili perc,quantile,0.5,0.7107129672322344
nfidd-mvn-season,HHS Region 1,2015-11-14,2,2015-11-28,ili perc,quantile,0.55,0.7641042285135152
nfidd-mvn-season,HHS Region 1,2015-11-14,2,2015-11-28,ili perc,quantile,0.6,0.8292150735693908
nfidd-mvn-season,HHS Region 1,2015-11-14,2,2015-11-28,ili perc,quantile,0.65,0.8685283838632792
nfidd-mvn-season,HHS Region 1,2015-11-14,2,2015-11-28,ili perc,quantile,0.7,0.9334602967134183
nfidd-mvn-season,HHS Region 1,2015-11-14,2,2015-11-28,ili perc,quantile,0.75,0.9709302800248102
nfidd-mvn-season,HHS Region 1,2015-11-14,2,2015-11-28,ili perc,quantile,0.8,1.0787608717357853
nfidd-mvn-season,HHS Region 1,2015-11-14,2,2015-11-28,ili perc,quantile,0.85,1.1859736904306366
nfidd-mvn-season,HHS Region 1,2015-11-14,2,2015-11-28,ili perc,quantile,0.9,1.3427554444995358
nfidd-mvn-season,HHS Region 1,2015-11-14,2,2015-11-28,ili perc,quantile,0.95,1.6557869876098272
nfidd-mvn-season,HHS Region 1,2015-11-14,2,2015-11-28,ili perc,quantile,0.975,2.0145895826360016
nfidd-mvn-season,HHS Region 1,2015-11-14,2,2015-11-28,ili perc,quantile,0.99,2.4590859115609023
nfidd-mvn-season,HHS Region 1,2015-11-14,3,2015-12-05,ili perc,quantile,0.01,0.17340250113585795
nfidd-mvn-season,HHS Region 1,2015-11-14,3,2015-12-05,ili perc,quantile,0.025,0.23553917337086355
nfidd-mvn-season,HHS Region 1,2015-11-14,3,2015-12-05,ili perc,quantile,0.05,0.30158923603133225
nfidd-mvn-season,HHS Region 1,2015-11-14,3,2015-12-05,ili perc,quantile,0.1,0.35430731725481746
nfidd-mvn-season,HHS Region 1,2015-11-14,3,2015-12-05,ili perc,quantile,0.15,0.40877817339493866
nfidd-mvn-season,HHS Region 1,2015-11-14,3,2015-12-05,ili perc,quantile,0.2,0.46084181535531293
nfidd-mvn-season,HHS Region 1,2015-11-14,3,2015-12-05,ili perc,quantile,0.25,0.485641372132011
nfidd-mvn-season,HHS Region 1,2015-11-14,3,2015-12-05,ili perc,quantile,0.3,0.5353504239390063
nfidd-mvn-season,HHS Region 1,2015-11-14,3,2015-12-05,ili perc,quantile,0.35,0.5838809011397212
nfidd-mvn-season,HHS Region 1,2015-11-14,3,2015-12-05,ili perc,quantile,0.4,0.6409999949262456
nfidd-mvn-season,HHS Region 1,2015-11-14,3,2015-12-05,ili perc,quantile,0.45,0.702349815625229
nfidd-mvn-season,HHS Region 1,2015-11-14,3,2015-12-05,ili perc,quantile,0.5,0.7845633595671287
nfidd-mvn-season,HHS Region 1,2015-11-14,3,2015-12-05,ili perc,quantile,0.55,0.8480090052507943
nfidd-mvn-season,HHS Region 1,2015-11-14,3,2015-12-05,ili perc,quantile,0.6,0.9173834905531199
nfidd-mvn-season,HHS Region 1,2015-11-14,3,2015-12-05,ili perc,quantile,0.65,0.9827359347330876
nfidd-mvn-season,HHS Region 1,2015-11-14,3,2015-12-05,ili perc,quantile,0.7,1.0866044390366996
nfidd-mvn-season,HHS Region 1,2015-11-14,3,2015-12-05,ili perc,quantile,0.75,1.1828775981692203
nfidd-mvn-season,HHS Region 1,2015-11-14,3,2015-12-05,ili perc,quantile,0.8,1.2585349337233658
nfidd-mvn-season,HHS Region 1,2015-11-14,3,2015-12-05,ili perc,quantile,0.85,1.3356420610446238
nfidd-mvn-season,HHS Region 1,2015-11-14,3,2015-12-05,ili perc,quantile,0.9,1.4923649027852952
nfidd-mvn-season,HHS Region 1,2015-11-14,3,2015-12-05,ili perc,quantile,0.95,1.816918772230226
nfidd-mvn-season,HHS Region 1,2015-11-14,3,2015-12-05,ili perc,quantile,0.975,2.091592277952254
nfidd-mvn-season,HHS Region 1,2015-11-14,3,2015-12-05,ili perc,quantile,0.99,2.3843333807307707
nfidd-mvn-season,HHS Region 1,2015-11-14,4,2015-12-12,ili perc,quantile,0.01,0.1179207063757518
nfidd-mvn-season,HHS Region 1,2015-11-14,4,2015-12-12,ili perc,quantile,0.025,0.1853700579890144
nfidd-mvn-season,HHS Region 1,2015-11-14,4,2015-12-12,ili perc,quantile,0.05,0.22232412245121938
nfidd-mvn-season,HHS Region 1,2015-11-14,4,2015-12-12,ili perc,quantile,0.1,0.3214864207038782
nfidd-mvn-season,HHS Region 1,2015-11-14,4,2015-12-12,ili perc,quantile,0.15,0.4187512215096636
nfidd-mvn-season,HHS Region 1,2015-11-14,4,2015-12-12,ili perc,quantile,0.2,0.4552601033513624
nfidd-mvn-season,HHS Region 1,2015-11-14,4,2015-12-12,ili perc,quantile,0.25,0.5250653335818469
nfidd-mvn-season,HHS Region 1,2015-11-14,4,2015-12-12,ili perc,quantile,0.3,0.5723697058267255
nfidd-mvn-season,HHS Region 1,2015-11-14,4,2015-12-12,ili perc,quantile,0.35,0.636231662474092
nfidd-mvn-season,HHS Region 1,2015-11-14,4,2015-12-12,ili perc,quantile,0.4,0.6757058413418543
nfidd-mvn-season,HHS Region 1,2015-11-14,4,2015-12-12,ili perc,quantile,0.45,0.770104138790323
nfidd-mvn-season,HHS Region 1,2015-11-14,4,2015-12-12,ili perc,quantile,0.5,0.8440157369254094
nfidd-mvn-season,HHS Region 1,2015-11-14,4,2015-12-12,ili perc,quantile,0.55,0.9352678401500962
nfidd-mvn-season,HHS Region 1,2015-11-14,4,2015-12-12,ili perc,quantile,0.6,1.059764316797233
nfidd-mvn-season,HHS Region 1,2015-11-14,4,2015-12-12,ili perc,quantile,0.65,1.1314870682674154
nfidd-mvn-season,HHS Region 1,2015-11-14,4,2015-12-12,ili perc,quantile,0.7,1.2174537968301138
nfidd-mvn-season,HHS Region 1,2015-11-14,4,2015-12-12,ili perc,quantile,0.75,1.310134248116521
nfidd-mvn-season,HHS Region 1,2015-11-14,4,2015-12-12,ili perc,quantile,0.8,1.3750704541151637
nfidd-mvn-season,HHS Region 1,2015-11-14,4,2015-12-12,ili perc,quantile,0.85,1.473678863112553
nfidd-mvn-season,HHS Region 1,2015-11-14,4,2015-12-12,ili perc,quantile,0.9,1.6914949345364423
nfidd-mvn-season,HHS Region 1,2015-11-14,4,2015-12-12,ili perc,quantile,0.95,1.7967838371892533
nfidd-mvn-season,HHS Region 1,2015-11-14,4,2015-12-12,ili perc,quantile,0.975,1.8915408392257584
nfidd-mvn-season,HHS Region 1,2015-11-14,4,2015-12-12,ili perc,quantile,0.99,2.0046126712129437
nfidd-mvn-season,HHS Region 2,2015-11-14,1,2015-11-21,ili perc,quantile,0.01,0.463285523186695
nfidd-mvn-season,HHS Region 2,2015-11-14,1,2015-11-21,ili perc,quantile,0.025,0.49859827289562575
nfidd-mvn-season,HHS Region 2,2015-11-14,1,2015-11-21,ili perc,quantile,0.05,0.5952380480095707
nfidd-mvn-season,HHS Region 2,2015-11-14,1,2015-11-21,ili perc,quantile,0.1,0.6748634515806887
nfidd-mvn-season,HHS Region 2,2015-11-14,1,2015-11-21,ili perc,quantile,0.15,0.8229615547145174
nfidd-mvn-season,HHS Region 2,2015-11-14,1,2015-11-21,ili perc,quantile,0.2,0.8797010731480628
nfidd-mvn-season,HHS Region 2,2015-11-14,1,2015-11-21,ili perc,quantile,0.25,0.930418757446837
nfidd-mvn-season,HHS Region 2,2015-11-14,1,2015-11-21,ili perc,quantile,0.3,1.0033251690893594
nfidd-mvn-season,HHS Region 2,2015-11-14,1,2015-11-21,ili perc,quantile,0.35,1.0602342289051707
nfidd-mvn-season,HHS Region 2,2015-11-14,1,2015-11-21,ili perc,quantile,0.4,1.1317713340930653
nfidd-mvn-season,HHS Region 2,2015-11-14,1,2015-11-21,ili perc,quantile,0.45,1.1786117470186581
nfidd-mvn-season,HHS Region 2,2015-11-14,1,2015-11-21,ili perc,quantile,0.5,1.2216953854898094
nfidd-mvn-season,HHS Region 2,2015-11-14,1,2015-11-21,ili perc,quantile,0.55,1.2571252310135497
nfidd-mvn-season,HHS Region 2,2015-11-14,1,2015-11-21,ili perc,quantile,0.6,1.3515005134990412
nfidd-mvn-season,HHS Region 2,2015-11-14,1,2015-11-21,ili perc,quantile,0.65,1.3930074131881423
nfidd-mvn-season,HHS Region 2,2015-11-14,1,2015-11-21,ili perc,quantile,0.7,1.4938728590996169
nfidd-mvn-season,HHS Region 2,2015-11-14,1,2015-11-21,ili perc,quantile,0.75,1.6035584431440648
nfidd-mvn-season,HHS Region 2,2015-11-14,1,2015-11-21,ili perc,quantile,0.8,1.6796989295581153
nfidd-mvn-season,HHS Region 2,2015-11-14,1,2015-11-21,ili perc,quantile,0.85,1.8094868472635026
nfidd-mvn-season,HHS Region 2,2015-11-14,1,2015-11-21,ili perc,quantile,0.9,1.869732377961884
nfidd-mvn-season,HHS Region 2,2015-11-14,1,2015-11-21,ili perc,quantile,0.95,2.0955611206277585
nfidd-mvn-season,HHS Region 2,2015-11-14,1,2015-11-21,ili perc,quantile,0.975,2.2453217454225673
nfidd-mvn-season,HHS Region 2,2015-11-14,1,2015-11-21,ili perc,quantile,0.99,2.6439550462931303
nfidd-mvn-season,HHS Region 2,2015-11-14,2,2015-11-28,ili perc,quantile,0.01,0.21097294836789587
nfidd-mvn-season,HHS Region 2,2015-11-14,2,2015-11-28,ili perc,quantile,0.025,0.41379488442368734
nfidd-mvn-season,HHS Region 2,2015-11-14,2,2015-11-28,ili perc,quantile,0.05,0.48331678164937575
nfidd-mvn-season,HHS Region 2,2015-11-14,2,2015-11-28,ili perc,quantile,0.1,0.5858764121404326
nfidd-mvn-season,HHS Region 2,2015-11-14,2,2015-11-28,ili perc,quantile,0.15,0.6454403998307825
nfidd-mvn-season,HHS Region 2,2015-11-14,2,2015-11-28,ili perc,quantile,0.2,0.7196311025831741
nfidd-mvn-season,HHS Region 2,2015-11-14,2,2015-11-28,ili perc,quantile,0.25,0.7863810854333918
nfidd-mvn-season,HHS Region 2,2015-11-14,2,2015-11-28,ili perc,quantile,0.3,0.8910911511924378
nfidd-mvn-season,HHS Region 2,2015-11-14,2,2015-11-28,ili perc,quantile,0.35,0.9616934744857849
nfidd-mvn-season,HHS Region 2,2015-11-14,2,2015-11-28,ili perc,quantile,0.4,1.0677722570609514
nfidd-mvn-season,HHS Region 2,2015-11-14,2,2015-11-28,ili perc,quantile,0.45,1.1566823000479822
nfidd-mvn-season,HHS Region 2,2015-11-14,2,2015-11-28,ili perc,quantile,0.5,1.226726152352711
nfidd-mvn-season,HHS Region 2,2015-11-14,2,2015-11-28,ili perc,quantile,0.55,1.3790547481012574
nfidd-mvn-season,HHS Region 2,2015-11-14,2,2015-11-28,ili perc,quantile,0.6,1.4915905218881917
nfidd-mvn-season,HHS Region 2,2015-11-14,2,2015-11-28,ili perc,quantile,0.65,1.5780331364687934
nfidd-mvn-season,HHS Region 2,2015-11-14,2,2015-11-28,ili perc,quantile,0.7,1.6578624959503647
nfidd-mvn-season,HHS Region 2,2015-11-14,2,2015-11-28,ili perc,quantile,0.75,1.7078782140048976
nfidd-mvn-season,HHS Region 2,2015-11-14,2,2015-11-28,ili perc,quantile,0.8,1.8213950916709454
nfidd-mvn-season,HHS Region 2,2015-11-14,2,2015-11-28,ili perc,quantile,0.85,1.8771558505899595
nfidd-mvn-season,HHS Region 2,2015-11-14,2,2015-11-28,ili perc,quantile,0.9,2.084816566542687
nfidd-mvn-season,HHS Region 2,2015-11-14,2,2015-11-28,ili perc,quantile,0.95,2.406384599961551
nfidd-mvn-season,HHS Region 2,2015-11-14,2,2015-11-28,ili perc,quantile,0.975,2.82834225983271
nfidd-mvn-season,HHS Region 2,2015-11-14,2,2015-11-28,ili perc,quantile,0.99,3.1544901935460485
nfidd-mvn-season,HHS Region 2,2015-11-14,3,2015-12-05,ili perc,quantile,0.01,0.22281884086498538
nfidd-mvn-season,HHS Region 2,2015-11-14,3,2015-12-05,ili perc,quantile,0.025,0.4103469149535573
nfidd-mvn-season,HHS Region 2,2015-11-14,3,2015-12-05,ili perc,quantile,0.05,0.4834697779816144
nfidd-mvn-season,HHS Region 2,2015-11-14,3,2015-12-05,ili perc,quantile,0.1,0.5992575806439234
nfidd-mvn-season,HHS Region 2,2015-11-14,3,2015-12-05,ili perc,quantile,0.15,0.6998302166807194
nfidd-mvn-season,HHS Region 2,2015-11-14,3,2015-12-05,ili perc,quantile,0.2,0.7757309193042414
nfidd-mvn-season,HHS Region 2,2015-11-14,3,2015-12-05,ili perc,quantile,0.25,0.8645205567923714
nfidd-mvn-season,HHS Region 2,2015-11-14,3,2015-12-05,ili perc,quantile,0.3,0.9170289806918556
nfidd-mvn-season,HHS Region 2,2015-11-14,3,2015-12-05,ili perc,quantile,0.35,1.0039632375346323
nfidd-mvn-season,HHS Region 2,2015-11-14,3,2015-12-05,ili perc,quantile,0.4,1.0737325796223718
nfidd-mvn-season,HHS Region 2,2015-11-14,3,2015-12-05,ili perc,quantile,0.45,1.1274311668251136
nfidd-mvn-season,HHS Region 2,2015-11-14,3,2015-12-05,ili perc,quantile,0.5,1.19836308441258
nfidd-mvn-season,HHS Region 2,2015-11-14,3,2015-12-05,ili perc,quantile,0.55,1.3249634091326947
nfidd-mvn-season,HHS Region 2,2015-11-14,3,2015-12-05,ili perc,quantile,0.6,1.4371766842195899
nfidd-mvn-season,HHS Region 2,2015-11-14,3,2015-12-05,ili perc,quantile,0.65,1.5942662857798722
nfidd-mvn-season,HHS Region 2,2015-11-14,3,2015-12-05,ili perc,quantile,0.7,1.6900315572379963
nfidd-mvn-season,HHS Region 2,2015-11-14,3,2015-12-05,ili perc,quantile,0.75,1.8221639822458306
nfidd-mvn-season,HHS Region 2,2015-11-14,3,2015-12-05,ili perc,quantile,0.8,1.929719370327261
nfidd-mvn-season,HHS Region 2,2015-11-14,3,2015-12-05,ili perc,quantile,0.85,2.217066215270738
nfidd-mvn-season,HHS Region 2,2015-11-14,3,2015-12-05,ili perc,quantile,0.9,2.613511998751637
nfidd-mvn-season,HHS Region 2,2015-11-14,3,2015-12-05,ili perc,quantile,0.95,2.915237101541765
nfidd-mvn-season,HHS Region 2,2015-11-14,3,2015-12-05,ili perc,quantile,0.975,3.0890975757376307
nfidd-mvn-season,HHS Region 2,2015-11-14,3,2015-12-05,ili perc,quantile,0.99,3.213060180573497
nfidd-mvn-season,HHS Region 2,2015-11-14,4,2015-12-12,ili perc,quantile,0.01,0.24888358871426697
nfidd-mvn-season,HHS Region 2,2015-11-14,4,2015-12-12,ili perc,quantile,0.025,0.3694162476337749
nfidd-mvn-season,HHS Region 2,2015-11-14,4,2015-12-12,ili perc,quantile,0.05,0.46505996977682396
nfidd-mvn-season,HHS Region 2,2015-11-14,4,2015-12-12,ili perc,quantile,0.1,0.6769409469130366
nfidd-mvn-season,HHS Region 2,2015-11-14,4,2015-12-12,ili perc,quantile,0.15,0.7742283531691778
nfidd-mvn-season,HHS Region 2,2015-11-14,4,2015-12-12,ili perc,quantile,0.2,0.8344252599238711
nfidd-mvn-season,HHS Region 2,2015-11-14,4,2015-12-12,ili perc,quantile,0.25,0.9322072446693183
nfidd-mvn-season,HHS Region 2,2015-11-14,4,2015-12-12,ili perc,quantile,0.3,1.0035180174168268
nfidd-mvn-season,HHS Region 2,2015-11-14,4,2015-12-12,ili perc,quantile,0.35,1.0684598556638827
nfidd-mvn-season,HHS Region 2,2015-11-14,4,2015-12-12,ili perc,quantile,0.4,1.143968212773473
nfidd-mvn-season,HHS Region 2,2015-11-14,4,2015-12-12,ili perc,quantile,0.45,1.2294778951507586
nfidd-mvn-season,HHS Region 2,2015-11-14,4,2015-12-12,ili perc,quantile,0.5,1.3206883676513628
nfidd-mvn-season,HHS Region 2,2015-11-14,4,2015-12-12,ili perc,quantile,0.55,1.3864248557249188
nfidd-mvn-season,HHS Region 2,2015-11-14,4,2015-12-12,ili perc,quantile,0.6,1.4604515869799093
nfidd-mvn-season,HHS Region 2,2015-11-14,4,2015-12-12,ili perc,quantile,0.65,1.5200205051257651
nfidd-mvn-season,HHS Region 2,2015-11-14,4,2015-12-12,ili perc,quantile,0.7,1.606484587134783
nfidd-mvn-season,HHS Region 2,2015-11-14,4,2015-12-12,ili perc,quantile,0.75,1.7585821923802556
nfidd-mvn-season,HHS Region 2,2015-11-14,4,2015-12-12,ili perc,quantile,0.8,1.9632886387144652
nfidd-mvn-season,HHS Region 2,2015-11-14,4,2015-12-12,ili perc,quantile,0.85,2.018757290776781
nfidd-mvn-season,HHS Region 2,2015-11-14,4,2015-12-12,ili perc,quantile,0.9,2.2433209980699464
nfidd-mvn-season,HHS Region 2,2015-11-14,4,2015-12-12,ili perc,quantile,0.95,3.0758093757353118
nfidd-mvn-season,HHS Region 2,2015-11-14,4,2015-12-12,ili perc,quantile,0.975,3.401425229457651
nfidd-mvn-season,HHS Region 2,2015-11-14,4,2015-12-12,ili perc,quantile,0.99,4.086278320333798
nfidd-mvn-season,HHS Region 3,2015-11-14,1,2015-11-21,ili perc,quantile,0.01,0.47209895115121814
nfidd-mvn-season,HHS Region 3,2015-11-14,1,2015-11-21,ili perc,quantile,0.025,0.5201513983652105
nfidd-mvn-season,HHS Region 3,2015-11-14,1,2015-11-21,ili perc,quantile,0.05,0.5785218884762842
nfidd-mvn-season,HHS Region 3,2015-11-14,1,2015-11-21,ili perc,quantile,0.1,0.6564570217770237
nfidd-mvn-season,HHS Region 3,2015-11-14,1,2015-11-21,ili perc,quantile,0.15,0.7602787966377942
nfidd-mvn-season,HHS Region 3,2015-11-14,1,2015-11-21,ili perc,quantile,0.2,0.8377046555813896
nfidd-mvn-season,HHS Region 3,2015-11-14,1,2015-11-21,ili perc,quantile,0.25,0.8680988864375341
nfidd-mvn-season,HHS Region 3,2015-11-14,1,2015-11-21,ili perc,quantile,0.3,0.9289538887574933
nfidd-mvn-season,HHS Region 3,2015-11-14,1,2015-11-21,ili perc,quantile,0.35,0.9487117706067596
nfidd-mvn-season,HHS Region 3,2015-11-14,1,2015-11-21,ili perc,quantile,0.4,1.0000914251109012
nfidd-mvn-season,HHS Region 3,2015-11-14,1,2015-11-21,ili perc,quantile,0.45,1.0262095240586675
nfidd-mvn-season,HHS Region 3,2015-11-14,1,2015-11-21,ili perc,quantile,0.5,1.0924302488652446
nfidd-mvn-season,HHS Region 3,2015-11-14,1,2015-11-21,ili perc,quantile,0.55,1.1490814155323155
nfidd-mvn-season,HHS Region 3,2015-11-14,1,2015-11-21,ili perc,quantile,0.6,1.189458170036445
nfidd-mvn-season,HHS Region 3,2015-11-14,1,2015-11-21,ili perc,quantile,0.65,1.3134647245107989
nfidd-mvn-season,HHS Region 3,2015-11-14,1,2015-11-21,ili perc,quantile,0.7,1.410054344205497
nfidd-mvn-season,HHS Region 3,2015-11-14,1,2015-11-21,ili perc,quantile,0.75,1.5236261740956636
nfidd-mvn-season,HHS Region 3,2015-11-14,1,2015-11-21,ili perc,quantile,0.8,1.595639332007603
nfidd-mvn-season,HHS Region 3,2015-11-14,1,2015-11-21,ili perc,quantile,0.85,1.721539700960102
nfidd-mvn-season,HHS Region 3,2015-11-14,1,2015-11-21,ili perc,quantile,0.9,1.9174850161138295
nfidd-mvn-season,HHS Region 3,2015-11-14,1,2015-11-21,ili perc,quantile,0.95,1.9669392355581992
nfidd-mvn-season,HHS Region 3,2015-11-14,1,2015-11-21,ili perc,quantile,0.975,2.1052597395841244
nfidd-mvn-season,HHS Region 3,2015-11-14,1,2015-11-21,ili perc,quantile,0.99,2.4299619656482028
nfidd-mvn-season,HHS Region 3,2015-11-14,2,2015-11-28,ili perc,quantile,0.01,0.2963109464349114
nfidd-mvn-season,HHS Region 3,2015-11-14,2,2015-11-28,ili perc,quantile,0.025,0.35855647715954225
nfidd-mvn-season,HHS Region 3,2015-11-14,2,2015-11-28,ili perc,quantile,0.05,0.41799391168126143
nfidd-mvn-season,HHS Region 3,2015-11-14,2,2015-11-28,ili perc,quantile,0.1,0.5683885336895645
nfidd-mvn-season,HHS Region 3,2015-11-14,2,2015-11-28,ili perc,quantile,0.15,0.6230609789100444
nfidd-mvn-season,HHS Region 3,2015-11-14,2,2015-11-28,ili perc,quantile,0.2,0.697334306985228
nfidd-mvn-season,HHS Region 3,2015-11-14,2,2015-11-28,ili perc,quantile,0.25,0.7828111323292466
nfidd-mvn-season,HHS Region 3,2015-11-14,2,2015-11-28,ili perc,quantile,0.3,0.8367119581204843
nfidd-mvn-season,HHS Region 3,2015-11-14,2,2015-11-28,ili perc,quantile,0.35,0.9266475580579013
nfidd-mvn-season,HHS Region 3,2015-11-14,2,2015-11-28,ili perc,quantile,0.4,0.9933122392755018
nfidd-mvn-season,HHS Region 3,2015-11-14,2,2015-11-28,ili perc,quantile,0.45,1.0876912862668902
nfidd-mvn-season,HHS Region 3,2015-11-14,2,2015-11-28,ili perc,quantile,0.5,1.1469495296427792
nfidd-mvn-season,HHS Region 3,2015-11-14,2,2015-11-28,ili perc,quantile,0.55,1.2446506157528712
nfidd-mvn-season,HHS Region 3,2015-11-14,2,2015-11-28,ili perc,quantile,0.6,1.323383639835773
nfidd-mvn-season,HHS Region 3,2015-11-14,2,2015-11-28,ili perc,quantile,0.65,1.3784443573235774
nfidd-mvn-season,HHS Region 3,2015-11-14,2,2015-11-28,ili perc,quantile,0.7,1.4427390123575905
nfidd-mvn-season,HHS Region 3,2015-11-14,2,2015-11-28,ili perc,quantile,0.75,1.511077222728424
nfidd-mvn-season,HHS Region 3,2015-11-14,2,2015-11-28,ili perc,quantile,0.8,1.6256671333933568
nfidd-mvn-season,HHS Region 3,2015-11-14,2,2015-11-28,ili perc,quantile,0.85,1.7980689538026333
nfidd-mvn-season,HHS Region 3,2015-11-14,2,2015-11-28,ili perc,quantile,0.9,2.139283431291635
nfidd-mvn-season,HHS Region 3,2015-11-14,2,2015-11-28,ili perc,quantile,0.95,2.478863955937562
nfidd-mvn-season,HHS Region 3,2015-11-14,2,2015-11-28,ili perc,quantile,0.975,2.9306018896982184
nfidd-mvn-season,HHS Region 3,2015-11-14,2,2015-11-28,ili perc,quantile,0.99,3.5406326490958806
nfidd-mvn-season,HHS Region 3,2015-11-14,3,2015-12-05,ili perc,quantile,0.01,0.28639493926168624
nfidd-mvn-season,HHS Region 3,2015-11-14,3,2015-12-05,ili perc,quantile,0.025,0.3541268511541472
nfidd-mvn-season,HHS Region 3,2015-11-14,3,2015-12-05,ili perc,quantile,0.05,0.4326725577284182
nfidd-mvn-season,HHS Region 3,2015-11-14,3,2015-12-05,ili perc,quantile,0.1,0.5535303534166517
nfidd-mvn-season,HHS Region 3,2015-11-14,3,2015-12-05,ili perc,quantile,0.15,0.5905640225369282
nfidd-mvn-season,HHS Region 3,2015-11-14,3,2015-12-05,ili perc,quantile,0.2,0.6881439800018633
nfidd-mvn-season,HHS Region 3,2015-11-14,3,2015-12-05,ili perc,quantile,0.25,0.7603586782839673
nfidd-mvn-season,HHS Region 3,2015-11-14,3,2015-12-05,ili perc,quantile,0.3,0.8533566386229823
nfidd-mvn-season,HHS Region 3,2015-11-14,3,2015-12-05,ili perc,quantile,0.35,0.9049611293187765
nfidd-mvn-season,HHS Region 3,2015-11-14,3,2015-12-05,ili perc,quantile,0.4,0.9721722724721358
nfidd-mvn-season,HHS Region 3,2015-11-14,3,2015-12-05,ili perc,quantile,0.45,1.061164279319896
nfidd-mvn-season,HHS Region 3,2015-11-14,3,2015-12-05,ili perc,quantile,0.5,1.1231063964377643
nfidd-mvn-season,HHS Region 3,2015-11-14,3,2015-12-05,ili perc,quantile,0.55,1.168227527590623
nfidd-mvn-season,HHS Region 3,2015-11-14,3,2015-12-05,ili perc,quantile,0.6,1.2287360896630206
nfidd-mvn-season,HHS Region 3,2015-11-14,3,2015-12-05,ili perc,quantile,0.65,1.2941445835599095
nfidd-mvn-season,HHS Region 3,2015-11-14,3,2015-12-05,ili perc,quantile,0.7,1.4021775223234862
nfidd-mvn-season,HHS Region 3,2015-11-14,3,2015-12-05,ili perc,quantile,0.75,1.5666756102238137
nfidd-mvn-season,HHS Region 3,2015-11-14,3,2015-12-05,ili perc,quantile,0.8,1.7043295786730248
nfidd-mvn-season,HHS Region 3,2015-11-14,3,2015-12-05,ili perc,quantile,0.85,1.9196125954412568
nfidd-mvn-season,HHS Region 3,2015-11-14,3,2015-12-05,ili perc,quantile,0.9,2.225159449403371
nfidd-mvn-season,HHS Region 3,2015-11-14,3,2015-12-05,ili perc,quantile,0.95,2.808519454233183
nfidd-mvn-season,HHS Region 3,2015-11-14,3,2015-12-05,ili perc,quantile,0.975,3.455931235285116
nfidd-mvn-season,HHS Region 3,2015-11-14,3,2015-12-05,ili perc,quantile,0.99,3.7124157291166524
nfidd-mvn-season,HHS Region 3,2015-11-14,4,2015-12-12,ili perc,quantile,0.01,0.34031806121349784
nfidd-mvn-season,HHS Region 3,2015-11-14,4,2015-12-12,ili perc,quantile,0.025,0.34859373691231543
nfidd-mvn-season,HHS Region 3,2015-11-14,4,2015-12-12,ili perc,quantile,0.05,0.38661219712543277
nfidd-mvn-season,HHS Region 3,2015-11-14,4,2015-12-12,ili perc,quantile,0.1,0.4834402055356591
nfidd-mvn-season,HHS Region 3,2015-11-14,4,2015-12-12,ili perc,quantile,0.15,0.6175824930505573
nfidd-mvn-season,HHS Region 3,2015-11-14,4,2015-12-12,ili perc,quantile,0.2,0.6711907102417993
nfidd-mvn-season,HHS Region 3,2015-11-14,4,2015-12-12,ili perc,quantile,0.25,0.761550301477609
nfidd-mvn-season,HHS Region 3,2015-11-14,4,2015-12-12,ili perc,quantile,0.3,0.8465512567550856
nfidd-mvn-season,HHS Region 3,2015-11-14,4,2015-12-12,ili perc,quantile,0.35,0.9034586192925262
nfidd-mvn-season,HHS Region 3,2015-11-14,4,2015-12-12,ili perc,quantile,0.4,0.9956961099185148
nfidd-mvn-season,HHS Region 3,2015-11-14,4,2015-12-12,ili perc,quantile,0.45,1.0928275959142923
nfidd-mvn-season,HHS Region 3,2015-11-14,4,2015-12-12,ili perc,quantile,0.5,1.2057902070465676
nfidd-mvn-season,HHS Region 3,2015-11-14,4,2015-12-12,ili perc,quantile,0.55,1.2678437632866248
nfidd-mvn-season,HHS Region 3,2015-11-14,4,2015-12-12,ili perc,quantile,0.6,1.3127674178604916
nfidd-mvn-season,HHS Region 3,2015-11-14,4,2015-12-12,ili perc,quantile,0.65,1.4774677992978056
nfidd-mvn-season,HHS Region 3,2015-11-14,4,2015-12-12,ili perc,quantile,0.7,1.6179201912179628
nfidd-mvn-season,HHS Region 3,2015-11-14,4,2015-12-12,ili perc,quantile,0.75,1.7790967794834756
nfidd-mvn-season,HHS Region 3,2015-11-14,4,2015-12-12,ili perc,quantile,0.8,1.9767946785108559
nfidd-mvn-season,HHS Region 3,2015-11-14,4,2015-12-12,ili perc,quantile,0.85,2.178326358355275
nfidd-mvn-season,HHS Region 3,2015-11-14,4,2015-12-12,ili perc,quantile,0.9,2.396351463903576
nfidd-mvn-season,HHS Region 3,2015-11-14,4,2015-12-12,ili perc,quantile,0.95,3.0038027781250944
nfidd-mvn-season,HHS Region 3,2015-11-14,4,2015-12-12,ili perc,quantile,0.975,3.4296194830080116
nfidd-mvn-season,HHS Region 3,2015-11-14,4,2015-12-12,ili perc,quantile,0.99,4.165021858561244
nfidd-mvn-season,HHS Region 4,2015-11-14,1,2015-11-21,ili perc,quantile,0.01,0.4095829001190111
nfidd-mvn-season,HHS Region 4,2015-11-14,1,2015-11-21,ili perc,quantile,0.025,0.49821162948584363
nfidd-mvn-season,HHS Region 4,2015-11-14,1,2015-11-21,ili perc,quantile,0.05,0.5102999276136255
nfidd-mvn-season,HHS Region 4,2015-11-14,1,2015-11-21,ili perc,quantile,0.1,0.5776868803866184
nfidd-mvn-season,HHS Region 4,2015-11-14,1,2015-11-21,ili perc,quantile,0.15,0.6016926234128448
nfidd-mvn-season,HHS Region 4,2015-11-14,1,2015-11-21,ili perc,quantile,0.2,0.7125846739427959
nfidd-mvn-season,HHS Region 4,2015-11-14,1,2015-11-21,ili perc,quantile,0.25,0.777757596360003
nfidd-mvn-season,HHS Region 4,2015-11-14,1,2015-11-21,ili perc,quantile,0.3,0.8093689144558784
nfidd-mvn-season,HHS Region 4,2015-11-14,1,2015-11-21,ili perc,quantile,0.35,0.8450787432734759
nfidd-mvn-season,HHS Region 4,2015-11-14,1,2015-11-21,ili perc,quantile,0.4,0.8848884132452364
nfidd-mvn-season,HHS Region 4,2015-11-14,1,2015-11-21,ili perc,quantile,0.45,0.9217687834055032
nfidd-mvn-season,HHS Region 4,2015-11-14,1,2015-11-21,ili perc,quantile,0.5,0.9727183965979849
nfidd-mvn-season,HHS Region 4,2015-11-14,1,2015-11-21,ili perc,quantile,0.55,1.0240098925223649
nfidd-mvn-season,HHS Region 4,2015-11-14,1,2015-11-21,ili perc,quantile,0.6,1.0758589697839607
nfidd-mvn-season,HHS Region 4,2015-11-14,1,2015-11-21,ili perc,quantile,0.65,1.1409243601033972
nfidd-mvn-season,HHS Region 4,2015-11-14,1,2015-11-21,ili perc,quantile,0.7,1.2031819998128768
nfidd-mvn-season,HHS Region 4,2015-11-14,1,2015-11-21,ili perc,quantile,0.75,1.327159149033981
nfidd-mvn-season,HHS Region 4,2015-11-14,1,2015-11-21,ili perc,quantile,0.8,1.3837353943772104
nfidd-mvn-season,HHS Region 4,2015-11-14,1,2015-11-21,ili perc,quantile,0.85,1.4880139256188407
nfidd-mvn-season,HHS Region 4,2015-11-14,1,2015-11-21,ili perc,quantile,0.9,1.6043946092874162
nfidd-mvn-season,HHS Region 4,2015-11-14,1,2015-11-21,ili perc,quantile,0.95,1.7512884398982105
nfidd-mvn-season,HHS Region 4,2015-11-14,1,2015-11-21,ili perc,quantile,0.975,2.2944567423867452
nfidd-mvn-season,HHS Region 4,2015-11-14,1,2015-11-21,ili perc,quantile,0.99,2.550276467302469
nfidd-mvn-season,HHS Region 4,2015-11-14,2,2015-11-28,ili perc,quantile,0.01,0.29233202642311584
nfidd-mvn-season,HHS Region 4,2015-11-14,2,2015-11-28,ili perc,quantile,0.025,0.3312123437061291
nfidd-mvn-season,HHS Region 4,2015-11-14,2,2015-11-28,ili perc,quantile,0.05,0.39246374724286237
nfidd-mvn-season,HHS Region 4,2015-11-14,2,2015-11-28,ili perc,quantile,0.1,0.48428292032979137
nfidd-mvn-season,HHS Region 4,2015-11-14,2,2015-11-28,ili perc,quantile,0.15,0.5601315974235095
nfidd-mvn-season,HHS Region 4,2015-11-14,2,2015-11-28,ili perc,quantile,0.2,0.6468874161954178
nfidd-mvn-season,HHS Region 4,2015-11-14,2,2015-11-28,ili perc,quantile,0.25,0.6867323242343388
nfidd-mvn-season,HHS Region 4,2015-11-14,2,2015-11-28,ili perc,quantile,0.3,0.7521649988536248
nfidd-mvn-season,HHS Region 4,2015-11-14,2,2015-11-28,ili perc,quantile,0.35,0.7873146866861709
nfidd-mvn-season,HHS Region 4,2015-11-14,2,2015-11-28,ili perc,quantile,0.4,0.8444458170190635
nfidd-mvn-season,HHS Region 4,2015-11-14,2,2015-11-28,ili perc,quantile,0.45,0.9233671345252847
nfidd-mvn-season,HHS Region 4,2015-11-14,2,2015-11-28,ili perc,quantile,0.5,0.9918082536852819
nfidd-mvn-season,HHS Region 4,2015-11-14,2,2015-11-28,ili perc,quantile,0.55,1.0256344228936096
nfidd-mvn-season,HHS Region 4,2015-11-14,2,2015-11-28,ili perc,quantile,0.6,1.1031717880070935
nfidd-mvn-season,HHS Region 4,2015-11-14,2,2015-11-28,ili perc,quantile,0.65,1.1394221773761213
nfidd-mvn-season,HHS Region 4,2015-11-14,2,2015-11-28,ili perc,quantile,0.7,1.2864280346805779
nfidd-mvn-season,HHS Region 4,2015-11-14,2,2015-11-28,ili perc,quantile,0.75,1.3620199969161615
nfidd-mvn-season,HHS Region 4,2015-11-14,2,2015-11-28,ili perc,quantile,0.8,1.4979626488515394
nfidd-mvn-season,HHS Region 4,2015-11-14,2,2015-11-28,ili perc,quantile,0.85,1.6679250354608355
nfidd-mvn-season,HHS Region 4,2015-11-14,2,2015-11-28,ili perc,quantile,0.9,1.8283739293538432
nfidd-mvn-season,HHS Region 4,2015-11-14,2,2015-11-28,ili perc,quantile,0.95,1.938494766950393
nfidd-mvn-season,HHS Region 4,2015-11-14,2,2015-11-28,ili perc,quantile,0.975,2.015408695223199
nfidd-mvn-season,HHS Region 4,2015-11-14,2,2015-11-28,ili perc,quantile,0.99,2.297298187343661
nfidd-mvn-season,HHS Region 4,2015-11-14,3,2015-12-05,ili perc,quantile,0.01,0.217608447378007
nfidd-mvn-season,HHS Region 4,2015-11-14,3,2015-12-05,ili perc,quantile,0.025,0.2654436883160334
nfidd-mvn-season,HHS Region 4,2015-11-14,3,2015-12-05,ili perc,quantile,0.05,0.3241918199186104
nfidd-mvn-season,HHS Region 4,2015-11-14,3,2015-12-05,ili perc,quantile,0.1,0.4175840329491233
nfidd-mvn-season,HHS Region 4,2015-11-14,3,2015-12-05,ili perc,quantile,0.15,0.5192582072943552
nfidd-mvn-season,HHS Region 4,2015-11-14,3,2015-12-05,ili perc,quantile,0.2,0.6214287945958097
nfidd-mvn-season,HHS Region 4,2015-11-14,3,2015-12-05,ili perc,quantile,0.25,0.7501155413354206
nfidd-mvn-season,HHS Region 4,2015-11-14,3,2015-12-05,ili perc,quantile,0.3,0.8037536306838639
nfidd-mvn-season,HHS Region 4,2015-11-14,3,2015-12-05,ili perc,quantile,0.35,0.8370015296178989
nfidd-mvn-season,HHS Region 4,2015-11-14,3,2015-12-05,ili perc,quantile,0.4,0.9392723621245618
nfidd-mvn-season,HHS Region 4,2015-11-14,3,2015-12-05,ili perc,quantile,0.45,0.9978213598484913
nfidd-mvn-season,HHS Region 4,2015-11-14,3,2015-12-05,ili perc,quantile,0.5,1.055545610565622
nfidd-mvn-season,HHS Region 4,2015-11-14,3,2015-12-05,ili perc,quantile,0.55,1.101936145486897
nfidd-mvn-season,HHS Region 4,2015-11-14,3,2015-12-05,ili perc,quantile,0.6,1.207562104149647
nfidd-mvn-season,HHS Region 4,2015-11-14,3,2015-12-05,ili perc,quantile,0.65,1.2776829151600133
nfidd-mvn-season,HHS Region 4,2015-11-14,3,2015-12-05,ili perc,quantile,0.7,1.3525308694006295
nfidd-mvn-season,HHS Region 4,2015-11-14,3,2015-12-05,ili perc,quantile,0.75,1.4622879957363069
nfidd-mvn-season,HHS Region 4,2015-11-14,3,2015-12-05,ili perc,quantile,0.8,1.587020066824862
nfidd-mvn-season,HHS Region 4,2015-11-14,3,2015-12-05,ili perc,quantile,0.85,1.7452701466778107
nfidd-mvn-season,HHS Region 4,2015-11-14,3,2015-12-05,ili perc,quantile,0.9,1.9369037960484754
nfidd-mvn-season,HHS Region 4,2015-11-14,3,2015-12-05,ili perc,quantile,0.95,2.1441704408045767
nfidd-mvn-season,HHS Region 4,2015-11-14,3,2015-12-05,ili perc,quantile,0.975,2.4219144163123483
nfidd-mvn-season,HHS Region 4,2015-11-14,3,2015-12-05,ili perc,quantile,0.99,2.7452970142468334
nfidd-mvn-season,HHS Region 4,2015-11-14,4,2015-12-12,ili perc,quantile,0.01,0.20882561886573336
nfidd-mvn-season,HHS Region 4,2015-11-14,4,2015-12-12,ili perc,quantile,0.025,0.24045323222185516
nfidd-mvn-season,HHS Region 4,2015-11-14,4,2015-12-12,ili perc,quantile,0.05,0.275761070798318
nfidd-mvn-season,HHS Region 4,2015-11-14,4,2015-12-12,ili perc,quantile,0.1,0.3478034138740348
nfidd-mvn-season,HHS Region 4,2015-11-14,4,2015-12-12,ili perc,quantile,0.15,0.4647443409769567
nfidd-mvn-season,HHS Region 4,2015-11-14,4,2015-12-12,ili perc,quantile,0.2,0.5302316737026094
nfidd-mvn-season,HHS Region 4,2015-11-14,4,2015-12-12,ili perc,quantile,0.25,0.5878020896258764
nfidd-mvn-season,HHS Region 4,2015-11-14,4,2015-12-12,ili perc,quantile,0.3,0.6694670613310592
nfidd-mvn-season,HHS Region 4,2015-11-14,4,2015-12-12,ili perc,quantile,0.35,0.7566734214706287
nfidd-mvn-season,HHS Region 4,2015-11-14,4,2015-12-12,ili perc,quantile,0.4,0.800181990838131
nfidd-mvn-season,HHS Region 4,2015-11-14,4,2015-12-12,ili perc,quantile,0.45,0.8455805702137291
nfidd-mvn-season,HHS Region 4,2015-11-14,4,2015-12-12,ili perc,quantile,0.5,0.9895853598638659
nfidd-mvn-season,HHS Region 4,2015-11-14,4,2015-12-12,ili perc,quantile,0.55,1.0718518383130144
nfidd-mvn-season,HHS Region 4,2015-11-14,4,2015-12-12,ili perc,quantile,0.6,1.2350463666007878
nfidd-mvn-season,HHS Region 4,2015-11-14,4,2015-12-12,ili perc,quantile,0.65,1.3321612731173154
nfidd-mvn-season,HHS Region 4,2015-11-14,4,2015-12-12,ili perc,quantile,0.7,1.4659605939253615
nfidd-mvn-season,HHS Region 4,2015-11-14,4,2015-12-12,ili perc,quantile,0.75,1.570492467582101
nfidd-mvn-season,HHS Region 4,2015-11-14,4,2015-12-12,ili perc,quantile,0.8,1.6569123895495914
nfidd-mvn-season,HHS Region 4,2015-11-14,4,2015-12-12,ili perc,quantile,0.85,1.8601960858592181
nfidd-mvn-season,HHS Region 4,2015-11-14,4,2015-12-12,ili perc,quantile,0.9,2.109809877774145
nfidd-mvn-season,HHS Region 4,2015-11-14,4,2015-12-12,ili perc,quantile,0.95,2.5575991238963756
nfidd-mvn-season,HHS Region 4,2015-11-14,4,2015-12-12,ili perc,quantile,0.975,2.747845730780176
nfidd-mvn-season,HHS Region 4,2015-11-14,4,2015-12-12,ili perc,quantile,0.99,3.240351115035576
nfidd-mvn-season,HHS Region 5,2015-11-14,1,2015-11-21,ili perc,quantile,0.01,0.3055545999020843
nfidd-mvn-season,HHS Region 5,2015-11-14,1,2015-11-21,ili perc,quantile,0.025,0.3471967241329928
nfidd-mvn-season,HHS Region 5,2015-11-14,1,2015-11-21,ili perc,quantile,0.05,0.3810153758475071
nfidd-mvn-season,HHS Region 5,2015-11-14,1,2015-11-21,ili perc,quantile,0.1,0.48865536888634015
nfidd-mvn-season,HHS Region 5,2015-11-14,1,2015-11-21,ili perc,quantile,0.15,0.5887056680563039
nfidd-mvn-season,HHS Region 5,2015-11-14,1,2015-11-21,ili perc,quantile,0.2,0.6531886216768208
nfidd-mvn-season,HHS Region 5,2015-11-14,1,2015-11-21,ili perc,quantile,0.25,0.694365034074915
nfidd-mvn-season,HHS Region 5,2015-11-14,1,2015-11-21,ili perc,quantile,0.3,0.7375328000872834
nfidd-mvn-season,HHS Region 5,2015-11-14,1,2015-11-21,ili perc,quantile,0.35,0.7667938820420184
nfidd-mvn-season,HHS Region 5,2015-11-14,1,2015-11-21,ili perc,quantile,0.4,0.8044436515963769
nfidd-mvn-season,HHS Region 5,2015-11-14,1,2015-11-21,ili perc,quantile,0.45,0.8288145858610318
nfidd-mvn-season,HHS Region 5,2015-11-14,1,2015-11-21,ili perc,quantile,0.5,0.8727891271031756
nfidd-mvn-season,HHS Region 5,2015-11-14,1,2015-11-21,ili perc,quantile,0.55,0.9431226630062484
nfidd-mvn-season,HHS Region 5,2015-11-14,1,2015-11-21,ili perc,quantile,0.6,0.9798725446519214
nfidd-mvn-season,HHS Region 5,2015-11-14,1,2015-11-21,ili perc,quantile,0.65,1.026333522101757
nfidd-mvn-season,HHS Region 5,2015-11-14,1,2015-11-21,ili perc,quantile,0.7,1.1032946927164498
nfidd-mvn-season,HHS Region 5,2015-11-14,1,2015-11-21,ili perc,quantile,0.75,1.177528323358679
nfidd-mvn-season,HHS Region 5,2015-11-14,1,2015-11-21,ili perc,quantile,0.8,1.2360476297208605
nfidd-mvn-season,HHS Region 5,2015-11-14,1,2015-11-21,ili perc,quantile,0.85,1.3080984403340778
nfidd-mvn-season,HHS Region 5,2015-11-14,1,2015-11-21,ili perc,quantile,0.9,1.4991596986443283
nfidd-mvn-season,HHS Region 5,2015-11-14,1,2015-11-21,ili perc,quantile,0.95,1.6433654986985364
nfidd-mvn-season,HHS Region 5,2015-11-14,1,2015-11-21,ili perc,quantile,0.975,1.7863935732910512
nfidd-mvn-season,HHS Region 5,2015-11-14,1,2015-11-21,ili perc,quantile,0.99,2.132639086752232
nfidd-mvn-season,HHS Region 5,2015-11-14,2,2015-11-28,ili perc,quantile,0.01,0.24179084409865453
nfidd-mvn-season,HHS Region 5,2015-11-14,2,2015-11-28,ili perc,quantile,0.025,0.27326779850393257
nfidd-mvn-season,HHS Region 5,2015-11-14,2,2015-11-28,ili perc,quantile,0.05,0.3866365535609333
nfidd-mvn-season,HHS Region 5,2015-11-14,2,2015-11-28,ili perc,quantile,0.1,0.47331450197598246
nfidd-mvn-season,HHS Region 5,2015-11-14,2,2015-11-28,ili perc,quantile,0.15,0.5486288550647456
nfidd-mvn-season,HHS Region 5,2015-11-14,2,2015-11-28,ili perc,quantile,0.2,0.6139959911797825
nfidd-mvn-season,HHS Region 5,2015-11-14,2,2015-11-28,ili perc,quantile,0.25,0.6755788746652319
nfidd-mvn-season,HHS Region 5,2015-11-14,2,2015-11-28,ili perc,quantile,0.3,0.7264428969595565
nfidd-mvn-season,HHS Region 5,2015-11-14,2,2015-11-28,ili perc,quantile,0.35,0.761697304816807
nfidd-mvn-season,HHS Region 5,2015-11-14,2,2015-11-28,ili perc,quantile,0.4,0.7869136909001057
nfidd-mvn-season,HHS Region 5,2015-11-14,2,2015-11-28,ili perc,quantile,0.45,0.8388067543971494
nfidd-mvn-season,HHS Region 5,2015-11-14,2,2015-11-28,ili perc,quantile,0.5,0.9052616246426547
nfidd-mvn-season,HHS Region 5,2015-11-14,2,2015-11-28,ili perc,quantile,0.55,0.942047910784391
nfidd-mvn-season,HHS Region 5,2015-11-14,2,2015-11-28,ili perc,quantile,0.6,1.026565976978222
nfidd-mvn-season,HHS Region 5,2015-11-14,2,2015-11-28,ili perc,quantile,0.65,1.0878175457236268
nfidd-mvn-season,HHS Region 5,2015-11-14,2,2015-11-28,ili perc,quantile,0.7,1.156632835118037
nfidd-mvn-season,HHS Region 5,2015-11-14,2,2015-11-28,ili perc,quantile,0.75,1.2280916993133018
nfidd-mvn-season,HHS Region 5,2015-11-14,2,2015-11-28,ili perc,quantile,0.8,1.2894706925871784
nfidd-mvn-season,HHS Region 5,2015-11-14,2,2015-11-28,ili perc,quantile,0.85,1.4362911802316431
nfidd-mvn-season,HHS Region 5,2015-11-14,2,2015-11-28,ili perc,quantile,0.9,1.672169344589756
nfidd-mvn-season,HHS Region 5,2015-11-14,2,2015-11-28,ili perc,quantile,0.95,2.0546090701322237
nfidd-mvn-season,HHS Region 5,2015-11-14,2,2015-11-28,ili perc,quantile,0.975,2.4983954122181675
nfidd-mvn-season,HHS Region 5,2015-11-14,2,2015-11-28,ili perc,quantile,0.99,3.1909865537698043
nfidd-mvn-season,HHS Region 5,2015-11-14,3,2015-12-05,ili perc,quantile,0.01,0.2450304532409236
nfidd-mvn-season,HHS Region 5,2015-11-14,3,2015-12-05,ili perc,quantile,0.025,0.30720063674934794
nfidd-mvn-season,HHS Region 5,2015-11-14,3,2015-12-05,ili perc,quantile,0.05,0.3642288456959608
nfidd-mvn-season,HHS Region 5,2015-11-14,3,2015-12-05,ili perc,quantile,0.1,0.4641089999582052
nfidd-mvn-season,HHS Region 5,2015-11-14,3,2015-12-05,ili perc,quantile,0.15,0.5382476752113207
nfidd-mvn-season,HHS Region 5,2015-11-14,3,2015-12-05,ili perc,quantile,0.2,0.5763443941834911
nfidd-mvn-season,HHS Region 5,2015-11-14,3,2015-12-05,ili perc,quantile,0.25,0.6454528662726637
nfidd-mvn-season,HHS Region 5,2015-11-14,3,2015-12-05,ili perc,quantile,0.3,0.6867258149525493
nfidd-mvn-season,HHS Region 5,2015-11-14,3,2015-12-05,ili perc,quantile,0.35,0.7385213542577695
nfidd-mvn-season,HHS Region 5,2015-11-14,3,2015-12-05,ili perc,quantile,0.4,0.7862596997939212
nfidd-mvn-season,HHS Region 5,2015-11-14,3,2015-12-05,ili perc,quantile,0.45,0.8575205729659249
nfidd-mvn-season,HHS Region 5,2015-11-14,3,2015-12-05,ili perc,quantile,0.5,0.926188017847189
nfidd-mvn-season,HHS Region 5,2015-11-14,3,2015-12-05,ili perc,quantile,0.55,1.011641668906662
nfidd-mvn-season,HHS Region 5,2015-11-14,3,2015-12-05,ili perc,quantile,0.6,1.0993926936085225
nfidd-mvn-season,HHS Region 5,2015-11-14,3,2015-12-05,ili perc,quantile,0.65,1.1715850244546155
nfidd-mvn-season,HHS Region 5,2015-11-14,3,2015-12-05,ili perc,quantile,0.7,1.254728068757255
nfidd-mvn-season,HHS Region 5,2015-11-14,3,2015-12-05,ili perc,quantile,0.75,1.3524366721487882
nfidd-mvn-season,HHS Region 5,2015-11-14,3,2015-12-05,ili perc,quantile,0.8,1.4361143579702156
nfidd-mvn-season,HHS Region 5,2015-11-14,3,2015-12-05,ili perc,quantile,0.85,1.498134305875109
nfidd-mvn-season,HHS Region 5,2015-11-14,3,2015-12-05,ili perc,quantile,0.9,1.723295996971007
nfidd-mvn-season,HHS Region 5,2015-11-14,3,2015-12-05,ili perc,quantile,0.95,2.1241326244318715
nfidd-mvn-season,HHS Region 5,2015-11-14,3,2015-12-05,ili perc,quantile,0.975,2.7412523106372446
nfidd-mvn-season,HHS Region 5,2015-11-14,3,2015-12-05,ili perc,quantile,0.99,3.4825812502987397
nfidd-mvn-season,HHS Region 5,2015-11-14,4,2015-12-12,ili perc,quantile,0.01,0.23721823708191864
nfidd-mvn-season,HHS Region 5,2015-11-14,4,2015-12-12,ili perc,quantile,0.025,0.3022998897969781
nfidd-mvn-season,HHS Region 5,2015-11-14,4,2015-12-12,ili perc,quantile,0.05,0.362630421752004
nfidd-mvn-season,HHS Region 5,2015-11-14,4,2015-12-12,ili perc,quantile,0.1,0.4282959380728612
nfidd-mvn-season,HHS Region 5,2015-11-14,4,2015-12-12,ili perc,quantile,0.15,0.5404985763569709
nfidd-mvn-season,HHS Region 5,2015-11-14,4,2015-12-12,ili perc,quantile,0.2,0.62380942131904
nfidd-mvn-season,HHS Region 5,2015-11-14,4,2015-12-12,ili perc,quantile,0.25,0.6632230377708779
nfidd-mvn-season,HHS Region 5,2015-11-14,4,2015-12-12,ili perc,quantile,0.3,0.7202375932718902
nfidd-mvn-season,HHS Region 5,2015-11-14,4,2015-12-12,ili perc,quantile,0.35,0.8041615687833246
nfidd-mvn-season,HHS Region 5,2015-11-14,4,2015-12-12,ili perc,quantile,0.4,0.838820451964737
nfidd-mvn-season,HHS Region 5,2015-11-14,4,2015-12-12,ili perc,quantile,0.45,0.8891823824025981
nfidd-mvn-season,HHS Region 5,2015-11-14,4,2015-12-12,ili perc,quantile,0.5,0.9592576081466916
nfidd-mvn-season,HHS Region 5,2015-11-14,4,2015-12-12,ili perc,quantile,0.55,1.0488890058776164
nfidd-mvn-season,HHS Region 5,2015-11-14,4,2015-12-12,ili perc,quantile,0.6,1.101611532133881
nfidd-mvn-season,HHS Region 5,2015-11-14,4,2015-12-12,ili perc,quantile,0.65,1.145898467041829
nfidd-mvn-season,HHS Region 5,2015-11-14,4,2015-12-12,ili perc,quantile,0.7,1.2920434858739416
nfidd-mvn-season,HHS Region 5,2015-11-14,4,2015-12-12,ili perc,quantile,0.75,1.420588959717181
nfidd-mvn-season,HHS Region 5,2015-11-14,4,2015-12-12,ili perc,quantile,0.8,1.5471960558303435
nfidd-mvn-season,HHS Region 5,2015-11-14,4,2015-12-12,ili perc,quantile,0.85,1.7403498087635483
nfidd-mvn-season,HHS Region 5,2015-11-14,4,2015-12-12,ili perc,quantile,0.9,1.9895010112768974
nfidd-mvn-season,HHS Region 5,2015-11-14,4,2015-12-12,ili perc,quantile,0.95,2.5084631556236827
nfidd-mvn-season,HHS Region 5,2015-11-14,4,2015-12-12,ili perc,quantile,0.975,2.8227231376414887
nfidd-mvn-season,HHS Region 5,2015-11-14,4,2015-12-12,ili perc,quantile,0.99,3.340143537693196
nfidd-mvn-season,HHS Region 6,2015-11-14,1,2015-11-21,ili perc,quantile,0.01,0.8386115955920914
nfidd-mvn-season,HHS Region 6,2015-11-14,1,2015-11-21,ili perc,quantile,0.025,0.9529011050337789
nfidd-mvn-season,HHS Region 6,2015-11-14,1,2015-11-21,ili perc,quantile,0.05,1.0529469047819442
nfidd-mvn-season,HHS Region 6,2015-11-14,1,2015-11-21,ili perc,quantile,0.1,1.2156141965155711
nfidd-mvn-season,HHS Region 6,2015-11-14,1,2015-11-21,ili perc,quantile,0.15,1.3220825810814203
nfidd-mvn-season,HHS Region 6,2015-11-14,1,2015-11-21,ili perc,quantile,0.2,1.427427096643878
nfidd-mvn-season,HHS Region 6,2015-11-14,1,2015-11-21,ili perc,quantile,0.25,1.4801689906876243
nfidd-mvn-season,HHS Region 6,2015-11-14,1,2015-11-21,ili perc,quantile,0.3,1.5334460955550728
nfidd-mvn-season,HHS Region 6,2015-11-14,1,2015-11-21,ili perc,quantile,0.35,1.6209373536080418
nfidd-mvn-season,HHS Region 6,2015-11-14,1,2015-11-21,ili perc,quantile,0.4,1.7148736250512235
nfidd-mvn-season,HHS Region 6,2015-11-14,1,2015-11-21,ili perc,quantile,0.45,1.8234643817970422
nfidd-mvn-season,HHS Region 6,2015-11-14,1,2015-11-21,ili perc,quantile,0.5,1.8695666258647465
nfidd-mvn-season,HHS Region 6,2015-11-14,1,2015-11-21,ili perc,quantile,0.55,1.9695265638127748
nfidd-mvn-season,HHS Region 6,2015-11-14,1,2015-11-21,ili perc,quantile,0.6,2.0645790254039165
nfidd-mvn-season,HHS Region 6,2015-11-14,1,2015-11-21,ili perc,quantile,0.65,2.1140839133805733
nfidd-mvn-season,HHS Region 6,2015-11-14,1,2015-11-21,ili perc,quantile,0.7,2.232540019832396
nfidd-mvn-season,HHS Region 6,2015-11-14,1,2015-11-21,ili perc,quantile,0.75,2.3667878725941605
nfidd-mvn-season,HHS Region 6,2015-11-14,1,2015-11-21,ili perc,quantile,0.8,2.4694295143688176
nfidd-mvn-season,HHS Region 6,2015-11-14,1,2015-11-21,ili perc,quantile,0.85,2.610301988888814
nfidd-mvn-season,HHS Region 6,2015-11-14,1,2015-11-21,ili perc,quantile,0.9,2.810742379003689
nfidd-mvn-season,HHS Region 6,2015-11-14,1,2015-11-21,ili perc,quantile,0.95,3.280618026841969
nfidd-mvn-season,HHS Region 6,2015-11-14,1,2015-11-21,ili perc,quantile,0.975,3.637191080390285
nfidd-mvn-season,HHS Region 6,2015-11-14,1,2015-11-21,ili perc,quantile,0.99,4.671787259611117
nfidd-mvn-season,HHS Region 6,2015-11-14,2,2015-11-28,ili perc,quantile,0.01,0.6977766938598104
nfidd-mvn-season,HHS Region 6,2015-11-14,2,2015-11-28,ili perc,quantile,0.025,0.8115728650053828
nfidd-mvn-season,HHS Region 6,2015-11-14,2,2015-11-28,ili perc,quantile,0.05,0.8700014104436933
nfidd-mvn-season,HHS Region 6,2015-11-14,2,2015-11-28,ili perc,quantile,0.1,1.072478002213301
nfidd-mvn-season,HHS Region 6,2015-11-14,2,2015-11-28,ili perc,quantile,0.15,1.211545377181888
nfidd-mvn-season,HHS Region 6,2015-11-14,2,2015-11-28,ili perc,quantile,0.2,1.2790183433865494
nfidd-mvn-season,HHS Region 6,2015-11-14,2,2015-11-28,ili perc,quantile,0.25,1.3350640843573354
nfidd-mvn-season,HHS Region 6,2015-11-14,2,2015-11-28,ili perc,quantile,0.3,1.39766056145054
nfidd-mvn-season,HHS Region 6,2015-11-14,2,2015-11-28,ili perc,quantile,0.35,1.4479918426289204
nfidd-mvn-season,HHS Region 6,2015-11-14,2,2015-11-28,ili perc,quantile,0.4,1.4919976686483412
nfidd-mvn-season,HHS Region 6,2015-11-14,2,2015-11-28,ili perc,quantile,0.45,1.5813380584432104
nfidd-mvn-season,HHS Region 6,2015-11-14,2,2015-11-28,ili perc,quantile,0.5,1.6565095657218083
nfidd-mvn-season,HHS Region 6,2015-11-14,2,2015-11-28,ili perc,quantile,0.55,1.7491084729487771
nfidd-mvn-season,HHS Region 6,2015-11-14,2,2015-11-28,ili perc,quantile,0.6,1.8190150946135741
nfidd-mvn-season,HHS Region 6,2015-11-14,2,2015-11-28,ili perc,quantile,0.65,1.9688003091331234
nfidd-mvn-season,HHS Region 6,2015-11-14,2,2015-11-28,ili perc,quantile,0.7,2.1173185390806473
nfidd-mvn-season,HHS Region 6,2015-11-14,2,2015-11-28,ili perc,quantile,0.75,2.3757249570278076
nfidd-mvn-season,HHS Region 6,2015-11-14,2,2015-11-28,ili perc,quantile,0.8,2.5344398718822783
nfidd-mvn-season,HHS Region 6,2015-11-14,2,2015-11-28,ili perc,quantile,0.85,2.675047215218921
nfidd-mvn-season,HHS Region 6,2015-11-14,2,2015-11-28,ili perc,quantile,0.9,2.8707195535865915
nfidd-mvn-season,HHS Region 6,2015-11-14,2,2015-11-28,ili perc,quantile,0.95,3.4257214274717587
nfidd-mvn-season,HHS Region 6,2015-11-14,2,2015-11-28,ili perc,quantile,0.975,3.6963668008836112
nfidd-mvn-season,HHS Region 6,2015-11-14,2,2015-11-28,ili perc,quantile,0.99,4.375021797998599
nfidd-mvn-season,HHS Region 6,2015-11-14,3,2015-12-05,ili perc,quantile,0.01,0.5701038752492107
nfidd-mvn-season,HHS Region 6,2015-11-14,3,2015-12-05,ili perc,quantile,0.025,0.6380646797946996
nfidd-mvn-season,HHS Region 6,2015-11-14,3,2015-12-05,ili perc,quantile,0.05,0.7614973484460953
nfidd-mvn-season,HHS Region 6,2015-11-14,3,2015-12-05,ili perc,quantile,0.1,0.8561163467812086
nfidd-mvn-season,HHS Region 6,2015-11-14,3,2015-12-05,ili perc,quantile,0.15,0.9756235639454297
nfidd-mvn-season,HHS Region 6,2015-11-14,3,2015-12-05,ili perc,quantile,0.2,1.0706843813147169
nfidd-mvn-season,HHS Region 6,2015-11-14,3,2015-12-05,ili perc,quantile,0.25,1.1736597550139751
nfidd-mvn-season,HHS Region 6,2015-11-14,3,2015-12-05,ili perc,quantile,0.3,1.2171381217351496
nfidd-mvn-season,HHS Region 6,2015-11-14,3,2015-12-05,ili perc,quantile,0.35,1.313201898556753
nfidd-mvn-season,HHS Region 6,2015-11-14,3,2015-12-05,ili perc,quantile,0.4,1.3427960361668696
nfidd-mvn-season,HHS Region 6,2015-11-14,3,2015-12-05,ili perc,quantile,0.45,1.4403134271813194
nfidd-mvn-season,HHS Region 6,2015-11-14,3,2015-12-05,ili perc,quantile,0.5,1.495051213633902
nfidd-mvn-season,HHS Region 6,2015-11-14,3,2015-12-05,ili perc,quantile,0.55,1.5810973037399207
nfidd-mvn-season,HHS Region 6,2015-11-14,3,2015-12-05,ili perc,quantile,0.6,1.6617260784415073
nfidd-mvn-season,HHS Region 6,2015-11-14,3,2015-12-05,ili perc,quantile,0.65,1.856670912321193
nfidd-mvn-season,HHS Region 6,2015-11-14,3,2015-12-05,ili perc,quantile,0.7,2.078674455331567
nfidd-mvn-season,HHS Region 6,2015-11-14,3,2015-12-05,ili perc,quantile,0.75,2.227023728615869
nfidd-mvn-season,HHS Region 6,2015-11-14,3,2015-12-05,ili perc,quantile,0.8,2.372036550253552
nfidd-mvn-season,HHS Region 6,2015-11-14,3,2015-12-05,ili perc,quantile,0.85,2.6362611618398484
nfidd-mvn-season,HHS Region 6,2015-11-14,3,2015-12-05,ili perc,quantile,0.9,2.990273795084346
nfidd-mvn-season,HHS Region 6,2015-11-14,3,2015-12-05,ili perc,quantile,0.95,3.4975246166492147
nfidd-mvn-season,HHS Region 6,2015-11-14,3,2015-12-05,ili perc,quantile,0.975,4.369120805433018
nfidd-mvn-season,HHS Region 6,2015-11-14,3,2015-12-05,ili perc,quantile,0.99,4.480292937370958
nfidd-mvn-season,HHS Region 6,2015-11-14,4,2015-12-12,ili perc,quantile,0.01,0.5536712215410118
nfidd-mvn-season,HHS Region 6,2015-11-14,4,2015-12-12,ili perc,quantile,0.025,0.5824678135313185
nfidd-mvn-season,HHS Region 6,2015-11-14,4,2015-12-12,ili perc,quantile,0.05,0.6836726728601581
nfidd-mvn-season,HHS Region 6,2015-11-14,4,2015-12-12,ili perc,quantile,0.1,0.8167263472996212
nfidd-mvn-season,HHS Region 6,2015-11-14,4,2015-12-12,ili perc,quantile,0.15,0.9480840425935348
nfidd-mvn-season,HHS Region 6,2015-11-14,4,2015-12-12,ili perc,quantile,0.2,1.050228017801547
nfidd-mvn-season,HHS Region 6,2015-11-14,4,2015-12-12,ili perc,quantile,0.25,1.1138712104254616
nfidd-mvn-season,HHS Region 6,2015-11-14,4,2015-12-12,ili perc,quantile,0.3,1.1692963871739708
nfidd-mvn-season,HHS Region 6,2015-11-14,4,2015-12-12,ili perc,quantile,0.35,1.221254411430139
nfidd-mvn-season,HHS Region 6,2015-11-14,4,2015-12-12,ili perc,quantile,0.4,1.3229709745584044
nfidd-mvn-season,HHS Region 6,2015-11-14,4,2015-12-12,ili perc,quantile,0.45,1.4226523737730312
nfidd-mvn-season,HHS Region 6,2015-11-14,4,2015-12-12,ili perc,quantile,0.5,1.5562213064170567
nfidd-mvn-season,HHS Region 6,2015-11-14,4,2015-12-12,ili perc,quantile,0.55,1.6478566070287948
nfidd-mvn-season,HHS Region 6,2015-11-14,4,2015-12-12,ili perc,quantile,0.6,1.7328245596156042
nfidd-mvn-season,HHS Region 6,2015-11-14,4,2015-12-12,ili perc,quantile,0.65,1.9162002284124746
nfidd-mvn-season,HHS Region 6,2015-11-14,4,2015-12-12,ili perc,quantile,0.7,2.102669390197856
nfidd-mvn-season,HHS Region 6,2015-11-14,4,2015-12-12,ili perc,quantile,0.75,2.274387200868194
nfidd-mvn-season,HHS Region 6,2015-11-14,4,2015-12-12,ili perc,quantile,0.8,2.4110347773287275
nfidd-mvn-season,HHS Region 6,2015-11-14,4,2015-12-12,ili perc,quantile,0.85,2.7575175568198045
nfidd-mvn-season,HHS Region 6,2015-11-14,4,2015-12-12,ili perc,quantile,0.9,2.9876226871329803
nfidd-mvn-season,HHS Region 6,2015-11-14,4,2015-12-12,ili perc,quantile,0.95,3.6593556511569747
nfidd-mvn-season,HHS Region 6,2015-11-14,4,2015-12-12,ili perc,quantile,0.975,3.8690662723083213
nfidd-mvn-season,HHS Region 6,2015-11-14,4,2015-12-12,ili perc,quantile,0.99,4.4650710210345945
nfidd-mvn-season,HHS Region 7,2015-11-14,1,2015-11-21,ili perc,quantile,0.01,0.3163902194539404
nfidd-mvn-season,HHS Region 7,2015-11-14,1,2015-11-21,ili perc,quantile,0.025,0.36336772796904243
nfidd-mvn-season,HHS Region 7,2015-11-14,1,2015-11-21,ili perc,quantile,0.05,0.4131628960267261
nfidd-mvn-season,HHS Region 7,2015-11-14,1,2015-11-21,ili perc,quantile,0.1,0.5446661744290198
nfidd-mvn-season,HHS Region 7,2015-11-14,1,2015-11-21,ili perc,quantile,0.15,0.6248760062338634
nfidd-mvn-season,HHS Region 7,2015-11-14,1,2015-11-21,ili perc,quantile,0.2,0.6753618472265974
nfidd-mvn-season,HHS Region 7,2015-11-14,1,2015-11-21,ili perc,quantile,0.25,0.7477151034123634
nfidd-mvn-season,HHS Region 7,2015-11-14,1,2015-11-21,ili perc,quantile,0.3,0.7839894568336352
nfidd-mvn-season,HHS Region 7,2015-11-14,1,2015-11-21,ili perc,quantile,0.35,0.8284293048319011
nfidd-mvn-season,HHS Region 7,2015-11-14,1,2015-11-21,ili perc,quantile,0.4,0.882224159575429
nfidd-mvn-season,HHS Region 7,2015-11-14,1,2015-11-21,ili perc,quantile,0.45,0.9228122917857171
nfidd-mvn-season,HHS Region 7,2015-11-14,1,2015-11-21,ili perc,quantile,0.5,0.9921812584341422
nfidd-mvn-season,HHS Region 7,2015-11-14,1,2015-11-21,ili perc,quantile,0.55,1.031355636804006
nfidd-mvn-season,HHS Region 7,2015-11-14,1,2015-11-21,ili perc,quantile,0.6,1.0738282938879598
nfidd-mvn-season,HHS Region 7,2015-11-14,1,2015-11-21,ili perc,quantile,0.65,1.1133138252811698
nfidd-mvn-season,HHS Region 7,2015-11-14,1,2015-11-21,ili perc,quantile,0.7,1.1933794330213954
nfidd-mvn-season,HHS Region 7,2015-11-14,1,2015-11-21,ili perc,quantile,0.75,1.2343920979615919
nfidd-mvn-season,HHS Region 7,2015-11-14,1,2015-11-21,ili perc,quantile,0.8,1.3523071411226
nfidd-mvn-season,HHS Region 7,2015-11-14,1,2015-11-21,ili perc,quantile,0.85,1.4917614834070685
nfidd-mvn-season,HHS Region 7,2015-11-14,1,2015-11-21,ili perc,quantile,0.9,1.5565551245608875
nfidd-mvn-season,HHS Region 7,2015-11-14,1,2015-11-21,ili perc,quantile,0.95,1.797191392500908
nfidd-mvn-season,HHS Region 7,2015-11-14,1,2015-11-21,ili perc,quantile,0.975,2.097350553483849
nfidd-mvn-season,HHS Region 7,2015-11-14,1,2015-11-21,ili perc,quantile,0.99,2.4726524096121496
nfidd-mvn-season,HHS Region 7,2015-11-14,2,2015-11-28,ili perc,quantile,0.01,0.2925965275430422
nfidd-mvn-season,HHS Region 7,2015-11-14,2,2015-11-28,ili perc,quantile,0.025,0.3886585345840793
nfidd-mvn-season,HHS Region 7,2015-11-14,2,2015-11-28,ili perc,quantile,0.05,0.4363666306037752
nfidd-mvn-season,HHS Region 7,2015-11-14,2,2015-11-28,ili perc,quantile,0.1,0.4870972518430425
nfidd-mvn-season,HHS Region 7,2015-11-14,2,2015-11-28,ili perc,quantile,0.15,0.5574002317906418
nfidd-mvn-season,HHS Region 7,2015-11-14,2,2015-11-28,ili perc,quantile,0.2,0.6095590199037348
nfidd-mvn-season,HHS Region 7,2015-11-14,2,2015-11-28,ili perc,quantile,0.25,0.7193137698740212
nfidd-mvn-season,HHS Region 7,2015-11-14,2,2015-11-28,ili perc,quantile,0.3,0.8155805766228345
nfidd-mvn-season,HHS Region 7,2015-11-14,2,2015-11-28,ili perc,quantile,0.35,0.86844955627692
nfidd-mvn-season,HHS Region 7,2015-11-14,2,2015-11-28,ili perc,quantile,0.4,0.915095112858126
nfidd-mvn-season,HHS Region 7,2015-11-14,2,2015-11-28,ili perc,quantile,0.45,0.9756366305177786
nfidd-mvn-season,HHS Region 7,2015-11-14,2,2015-11-28,ili perc,quantile,0.5,1.0131756675067707
nfidd-mvn-season,HHS Region 7,2015-11-14,2,2015-11-28,ili perc,quantile,0.55,1.088560375693625
nfidd-mvn-season,HHS Region 7,2015-11-14,2,2015-11-28,ili perc,quantile,0.6,1.1503649941487153
nfidd-mvn-season,HHS Region 7,2015-11-14,2,2015-11-28,ili perc,quantile,0.65,1.214525539475989
nfidd-mvn-season,HHS Region 7,2015-11-14,2,2015-11-28,ili perc,quantile,0.7,1.2568341671349326
nfidd-mvn-season,HHS Region 7,2015-11-14,2,2015-11-28,ili perc,quantile,0.75,1.3500176261949184
nfidd-mvn-season,HHS Region 7,2015-11-14,2,2015-11-28,ili perc,quantile,0.8,1.4780879216882206
nfidd-mvn-season,HHS Region 7,2015-11-14,2,2015-11-28,ili perc,quantile,0.85,1.534866492471
nfidd-mvn-season,HHS Region 7,2015-11-14,2,2015-11-28,ili perc,quantile,0.9,1.8215244718967671
nfidd-mvn-season,HHS Region 7,2015-11-14,2,2015-11-28,ili perc,quantile,0.95,2.1698408950903962
nfidd-mvn-season,HHS Region 7,2015-11-14,2,2015-11-28,ili perc,quantile,0.975,2.591362910962885
nfidd-mvn-season,HHS Region 7,2015-11-14,2,2015-11-28,ili perc,quantile,0.99,2.7581900305893603
nfidd-mvn-season,HHS Region 7,2015-11-14,3,2015-12-05,ili perc,quantile,0.01,0.2066690949003711
nfidd-mvn-season,HHS Region 7,2015-11-14,3,2015-12-05,ili perc,quantile,0.025,0.2973686131759059
nfidd-mvn-season,HHS Region 7,2015-11-14,3,2015-12-05,ili perc,quantile,0.05,0.3988611946114298
nfidd-mvn-season,HHS Region 7,2015-11-14,3,2015-12-05,ili perc,quantile,0.1,0.4580888547439504
nfidd-mvn-season,HHS Region 7,2015-11-14,3,2015-12-05,ili perc,quantile,0.15,0.5583769907218252
nfidd-mvn-season,HHS Region 7,2015-11-14,3,2015-12-05,ili perc,quantile,0.2,0.6600000259429777
nfidd-mvn-season,HHS Region 7,2015-11-14,3,2015-12-05,ili perc,quantile,0.25,0.7652683564306098
nfidd-mvn-season,HHS Region 7,2015-11-14,3,2015-12-05,ili perc,quantile,0.3,0.8127606046806234
nfidd-mvn-season,HHS Region 7,2015-11-14,3,2015-12-05,ili perc,quantile,0.35,0.8818748976295457
nfidd-mvn-season,HHS Region 7,2015-11-14,3,2015-12-05,ili perc,quantile,0.4,0.9240701050532465
nfidd-mvn-season,HHS Region 7,2015-11-14,3,2015-12-05,ili perc,quantile,0.45,0.9946061885048425
nfidd-mvn-season,HHS Region 7,2015-11-14,3,2015-12-05,ili perc,quantile,0.5,1.0406783253343113
nfidd-mvn-season,HHS Region 7,2015-11-14,3,2015-12-05,ili perc,quantile,0.55,1.104372298714957
nfidd-mvn-season,HHS Region 7,2015-11-14,3,2015-12-05,ili perc,quantile,0.6,1.1899583099869295
nfidd-mvn-season,HHS Region 7,2015-11-14,3,2015-12-05,ili perc,quantile,0.65,1.2826458192211299
nfidd-mvn-season,HHS Region 7,2015-11-14,3,2015-12-05,ili perc,quantile,0.7,1.3610912893256235
nfidd-mvn-season,HHS Region 7,2015-11-14,3,2015-12-05,ili perc,quantile,0.75,1.4550703937647245
nfidd-mvn-season,HHS Region 7,2015-11-14,3,2015-12-05,ili perc,quantile,0.8,1.5348677870210197
nfidd-mvn-season,HHS Region 7,2015-11-14,3,2015-12-05,ili perc,quantile,0.85,1.7072105910721291
nfidd-mvn-season,HHS Region 7,2015-11-14,3,2015-12-05,ili perc,quantile,0.9,1.952768179978002
nfidd-mvn-season,HHS Region 7,2015-11-14,3,2015-12-05,ili perc,quantile,0.95,2.2391035008402183
nfidd-mvn-season,HHS Region 7,2015-11-14,3,2015-12-05,ili perc,quantile,0.975,2.7631614758713954
nfidd-mvn-season,HHS Region 7,2015-11-14,3,2015-12-05,ili perc,quantile,0.99,2.9565923171230253
nfidd-mvn-season,HHS Region 7,2015-11-14,4,2015-12-12,ili perc,quantile,0.01,0.19900121482565342
nfidd-mvn-season,HHS Region 7,2015-11-14,4,2015-12-12,ili perc,quantile,0.025,0.2946004908730988
nfidd-mvn-season,HHS Region 7,2015-11-14,4,2015-12-12,ili perc,quantile,0.05,0.4062434617661237
nfidd-mvn-season,HHS Region 7,2015-11-14,4,2015-12-12,ili perc,quantile,0.1,0.5575042763963585
nfidd-mvn-season,HHS Region 7,2015-11-14,4,2015-12-12,ili perc,quantile,0.15,0.6186102902554855
nfidd-mvn-season,HHS Region 7,2015-11-14,4,2015-12-12,ili perc,quantile,0.2,0.678817511761209
nfidd-mvn-season,HHS Region 7,2015-11-14,4,2015-12-12,ili perc,quantile,0.25,0.7405700119001054
nfidd-mvn-season,HHS Region 7,2015-11-14,4,2015-12-12,ili perc,quantile,0.3,0.7675702386448353
nfidd-mvn-season,HHS Region 7,2015-11-14,4,2015-12-12,ili perc,quantile,0.35,0.8391969389867971
nfidd-mvn-season,HHS Region 7,2015-11-14,4,2015-12-12,ili perc,quantile,0.4,0.8767977254303412
nfidd-mvn-season,HHS Region 7,2015-11-14,4,2015-12-12,ili perc,quantile,0.45,1.0026987295826872
nfidd-mvn-season,HHS Region 7,2015-11-14,4,2015-12-12,ili perc,quantile,0.5,1.0825787040532793
nfidd-mvn-season,HHS Region 7,2015-11-14,4,2015-12-12,ili perc,quantile,0.55,1.1512357657959682
nfidd-mvn-season,HHS Region 7,2015-11-14,4,2015-12-12,ili perc,quantile,0.6,1.2447223802919354
nfidd-mvn-season,HHS Region 7,2015-11-14,4,2015-12-12,ili perc,quantile,0.65,1.3511286678405168
nfidd-mvn-season,HHS Region 7,2015-11-14,4,2015-12-12,ili perc,quantile,0.7,1.4630515697573672
nfidd-mvn-season,HHS Region 7,2015-11-14,4,2015-12-12,ili perc,quantile,0.75,1.631976829334792
nfidd-mvn-season,HHS Region 7,2015-11-14,4,2015-12-12,ili perc,quantile,0.8,1.7324909294230273
nfidd-mvn-season,HHS Region 7,2015-11-14,4,2015-12-12,ili perc,quantile,0.85,1.8931124229071281
nfidd-mvn-season,HHS Region 7,2015-11-14,4,2015-12-12,ili perc,quantile,0.9,2.0583160625007815
nfidd-mvn-season,HHS Region 7,2015-11-14,4,2015-12-12,ili perc,quantile,0.95,2.416741569032746
nfidd-mvn-season,HHS Region 7,2015-11-14,4,2015-12-12,ili perc,quantile,0.975,2.800632457356471
nfidd-mvn-season,HHS Region 7,2015-11-14,4,2015-12-12,ili perc,quantile,0.99,3.012219183249642
nfidd-mvn-season,HHS Region 8,2015-11-14,1,2015-11-21,ili perc,quantile,0.01,0.26767940279239233
nfidd-mvn-season,HHS Region 8,2015-11-14,1,2015-11-21,ili perc,quantile,0.025,0.3072150778687725
nfidd-mvn-season,HHS Region 8,2015-11-14,1,2015-11-21,ili perc,quantile,0.05,0.33964745570399446
nfidd-mvn-season,HHS Region 8,2015-11-14,1,2015-11-21,ili perc,quantile,0.1,0.4111461891567633
nfidd-mvn-season,HHS Region 8,2015-11-14,1,2015-11-21,ili perc,quantile,0.15,0.4511580004775172
nfidd-mvn-season,HHS Region 8,2015-11-14,1,2015-11-21,ili perc,quantile,0.2,0.5091350238648664
nfidd-mvn-season,HHS Region 8,2015-11-14,1,2015-11-21,ili perc,quantile,0.25,0.5480182180659076
nfidd-mvn-season,HHS Region 8,2015-11-14,1,2015-11-21,ili perc,quantile,0.3,0.5778963704235935
nfidd-mvn-season,HHS Region 8,2015-11-14,1,2015-11-21,ili perc,quantile,0.35,0.6208910797089771
nfidd-mvn-season,HHS Region 8,2015-11-14,1,2015-11-21,ili perc,quantile,0.4,0.6709533922841338
nfidd-mvn-season,HHS Region 8,2015-11-14,1,2015-11-21,ili perc,quantile,0.45,0.7285625684847262
nfidd-mvn-season,HHS Region 8,2015-11-14,1,2015-11-21,ili perc,quantile,0.5,0.7678961796337203
nfidd-mvn-season,HHS Region 8,2015-11-14,1,2015-11-21,ili perc,quantile,0.55,0.8026001931158786
nfidd-mvn-season,HHS Region 8,2015-11-14,1,2015-11-21,ili perc,quantile,0.6,0.8544097993491719
nfidd-mvn-season,HHS Region 8,2015-11-14,1,2015-11-21,ili perc,quantile,0.65,0.9352757365140406
nfidd-mvn-season,HHS Region 8,2015-11-14,1,2015-11-21,ili perc,quantile,0.7,0.957731046977162
nfidd-mvn-season,HHS Region 8,2015-11-14,1,2015-11-21,ili perc,quantile,0.75,1.0639405869333622
nfidd-mvn-season,HHS Region 8,2015-11-14,1,2015-11-21,ili perc,quantile,0.8,1.135031217619095
nfidd-mvn-season,HHS Region 8,2015-11-14,1,2015-11-21,ili perc,quantile,0.85,1.2096800118704172
nfidd-mvn-season,HHS Region 8,2015-11-14,1,2015-11-21,ili perc,quantile,0.9,1.3553263171105625
nfidd-mvn-season,HHS Region 8,2015-11-14,1,2015-11-21,ili perc,quantile,0.95,1.4547339303404851
nfidd-mvn-season,HHS Region 8,2015-11-14,1,2015-11-21,ili perc,quantile,0.975,1.6407294567778394
nfidd-mvn-season,HHS Region 8,2015-11-14,1,2015-11-21,ili perc,quantile,0.99,2.044508647198428
nfidd-mvn-season,HHS Region 8,2015-11-14,2,2015-11-28,ili perc,quantile,0.01,0.21819084555903262
nfidd-mvn-season,HHS Region 8,2015-11-14,2,2015-11-28,ili perc,quantile,0.025,0.30127037202499685
nfidd-mvn-season,HHS Region 8,2015-11-14,2,2015-11-28,ili perc,quantile,0.05,0.3261004629947677
nfidd-mvn-season,HHS Region 8,2015-11-14,2,2015-11-28,ili perc,quantile,0.1,0.42026796878306927
nfidd-mvn-season,HHS Region 8,2015-11-14,2,2015-11-28,ili perc,quantile,0.15,0.45520335582468435
nfidd-mvn-season,HHS Region 8,2015-11-14,2,2015-11-28,ili perc,quantile,0.2,0.5215833326798248
nfidd-mvn-season,HHS Region 8,2015-11-14,2,2015-11-28,ili perc,quantile,0.25,0.5539925316312639
nfidd-mvn-season,HHS Region 8,2015-11-14,2,2015-11-28,ili perc,quantile,0.3,0.5831488706935174
nfidd-mvn-season,HHS Region 8,2015-11-14,2,2015-11-28,ili perc,quantile,0.35,0.6542507943590162
nfidd-mvn-season,HHS Region 8,2015-11-14,2,2015-11-28,ili perc,quantile,0.4,0.699769886496549
nfidd-mvn-season,HHS Region 8,2015-11-14,2,2015-11-28,ili perc,quantile,0.45,0.7332957153554129
nfidd-mvn-season,HHS Region 8,2015-11-14,2,2015-11-28,ili perc,quantile,0.5,0.7649340881884346
nfidd-mvn-season,HHS Region 8,2015-11-14,2,2015-11-28,ili perc,quantile,0.55,0.8340759866283424
nfidd-mvn-season,HHS Region 8,2015-11-14,2,2015-11-28,ili perc,quantile,0.6,0.9041711581768114
nfidd-mvn-season,HHS Region 8,2015-11-14,2,2015-11-28,ili perc,quantile,0.65,0.9962643784427727
nfidd-mvn-season,HHS Region 8,2015-11-14,2,2015-11-28,ili perc,quantile,0.7,1.0606736947756168
nfidd-mvn-season,HHS Region 8,2015-11-14,2,2015-11-28,ili perc,quantile,0.75,1.1497924720664567
nfidd-mvn-season,HHS Region 8,2015-11-14,2,2015-11-28,ili perc,quantile,0.8,1.231453186167357
nfidd-mvn-season,HHS Region 8,2015-11-14,2,2015-11-28,ili perc,quantile,0.85,1.3224732680330773
nfidd-mvn-season,HHS Region 8,2015-11-14,2,2015-11-28,ili perc,quantile,0.9,1.4793009512083435
nfidd-mvn-season,HHS Region 8,2015-11-14,2,2015-11-28,ili perc,quantile,0.95,1.692369844370213
nfidd-mvn-season,HHS Region 8,2015-11-14,2,2015-11-28,ili perc,quantile,0.975,1.8197269697545906
nfidd-mvn-season,HHS Region 8,2015-11-14,2,2015-11-28,ili perc,quantile,0.99,1.9920033421760455
nfidd-mvn-season,HHS Region 8,2015-11-14,3,2015-12-05,ili perc,quantile,0.01,0.1280844167539339
nfidd-mvn-season,HHS Region 8,2015-11-14,3,2015-12-05,ili perc,quantile,0.025,0.14216540147018
nfidd-mvn-season,HHS Region 8,2015-11-14,3,2015-12-05,ili perc,quantile,0.05,0.25922977201403635
nfidd-mvn-season,HHS Region 8,2015-11-14,3,2015-12-05,ili perc,quantile,0.1,0.37068080241310974
nfidd-mvn-season,HHS Region 8,2015-11-14,3,2015-12-05,ili perc,quantile,0.15,0.44890641427940414
nfidd-mvn-season,HHS Region 8,2015-11-14,3,2015-12-05,ili perc,quantile,0.2,0.4976190984965094
nfidd-mvn-season,HHS Region 8,2015-11-14,3,2015-12-05,ili perc,quantile,0.25,0.5536427709915289
nfidd-mvn-season,HHS Region 8,2015-11-14,3,2015-12-05,ili perc,quantile,0.3,0.6095174014155984
nfidd-mvn-season,HHS Region 8,2015-11-14,3,2015-12-05,ili perc,quantile,0.35,0.6810928898816916
nfidd-mvn-season,HHS Region 8,2015-11-14,3,2015-12-05,ili perc,quantile,0.4,0.7327455652753236
nfidd-mvn-season,HHS Region 8,2015-11-14,3,2015-12-05,ili perc,quantile,0.45,0.7784487613702953
nfidd-mvn-season,HHS Region 8,2015-11-14,3,2015-12-05,ili perc,quantile,0.5,0.8402171681274564
nfidd-mvn-season,HHS Region 8,2015-11-14,3,2015-12-05,ili perc,quantile,0.55,0.9129414271192439
nfidd-mvn-season,HHS Region 8,2015-11-14,3,2015-12-05,ili perc,quantile,0.6,0.9981885511758235
nfidd-mvn-season,HHS Region 8,2015-11-14,3,2015-12-05,ili perc,quantile,0.65,1.0449561163919339
nfidd-mvn-season,HHS Region 8,2015-11-14,3,2015-12-05,ili perc,quantile,0.7,1.1031318538469526
nfidd-mvn-season,HHS Region 8,2015-11-14,3,2015-12-05,ili perc,quantile,0.75,1.178808277134616
nfidd-mvn-season,HHS Region 8,2015-11-14,3,2015-12-05,ili perc,quantile,0.8,1.307347814440004
nfidd-mvn-season,HHS Region 8,2015-11-14,3,2015-12-05,ili perc,quantile,0.85,1.4082363688495896
nfidd-mvn-season,HHS Region 8,2015-11-14,3,2015-12-05,ili perc,quantile,0.9,1.5646578489283176
nfidd-mvn-season,HHS Region 8,2015-11-14,3,2015-12-05,ili perc,quantile,0.95,1.9375821059725553
nfidd-mvn-season,HHS Region 8,2015-11-14,3,2015-12-05,ili perc,quantile,0.975,2.038720584518033
nfidd-mvn-season,HHS Region 8,2015-11-14,3,2015-12-05,ili perc,quantile,0.99,2.147799696239872
nfidd-mvn-season,HHS Region 8,2015-11-14,4,2015-12-12,ili perc,quantile,0.01,0.09692377665408926
nfidd-mvn-season,HHS Region 8,2015-11-14,4,2015-12-12,ili perc,quantile,0.025,0.1567772360345432
nfidd-mvn-season,HHS Region 8,2015-11-14,4,2015-12-12,ili perc,quantile,0.05,0.23788286864877597
nfidd-mvn-season,HHS Region 8,2015-11-14,4,2015-12-12,ili perc,quantile,0.1,0.3408289938915979
nfidd-mvn-season,HHS Region 8,2015-11-14,4,2015-12-12,ili perc,quantile,0.15,0.39713709765308425
nfidd-mvn-season,HHS Region 8,2015-11-14,4,2015-12-12,ili perc,quantile,0.2,0.48889793667894504
nfidd-mvn-season,HHS Region 8,2015-11-14,4,2015-12-12,ili perc,quantile,0.25,0.5589891268173972
nfidd-mvn-season,HHS Region 8,2015-11-14,4,2015-12-12,ili perc,quantile,0.3,0.634710773407382
nfidd-mvn-season,HHS Region 8,2015-11-14,4,2015-12-12,ili perc,quantile,0.35,0.6862492136279296
nfidd-mvn-season,HHS Region 8,2015-11-14,4,2015-12-12,ili perc,quantile,0.4,0.7572447989044995
nfidd-mvn-season,HHS Region 8,2015-11-14,4,2015-12-12,ili perc,quantile,0.45,0.8221439048996748
nfidd-mvn-season,HHS Region 8,2015-11-14,4,2015-12-12,ili perc,quantile,0.5,0.8814378443391049
nfidd-mvn-season,HHS Region 8,2015-11-14,4,2015-12-12,ili perc,quantile,0.55,0.9625693061042292
nfidd-mvn-season,HHS Region 8,2015-11-14,4,2015-12-12,ili perc,quantile,0.6,1.000065801725453
nfidd-mvn-season,HHS Region 8,2015-11-14,4,2015-12-12,ili perc,quantile,0.65,1.1021623644804923
nfidd-mvn-season,HHS Region 8,2015-11-14,4,2015-12-12,ili perc,quantile,0.7,1.2494313608271845
nfidd-mvn-season,HHS Region 8,2015-11-14,4,2015-12-12,ili perc,quantile,0.75,1.3086362991352554
nfidd-mvn-season,HHS Region 8,2015-11-14,4,2015-12-12,ili perc,quantile,0.8,1.434904369261873
nfidd-mvn-season,HHS Region 8,2015-11-14,4,2015-12-12,ili perc,quantile,0.85,1.5568359637523383
nfidd-mvn-season,HHS Region 8,2015-11-14,4,2015-12-12,ili perc,quantile,0.9,1.7504426325663989
nfidd-mvn-season,HHS Region 8,2015-11-14,4,2015-12-12,ili perc,quantile,0.95,1.9720349279727958
nfidd-mvn-season,HHS Region 8,2015-11-14,4,2015-12-12,ili perc,quantile,0.975,2.1503452192910624
nfidd-mvn-season,HHS Region 8,2015-11-14,4,2015-12-12,ili perc,quantile,0.99,2.808576611376882
nfidd-mvn-season,HHS Region 9,2015-11-14,1,2015-11-21,ili perc,quantile,0.01,0.39182325228426884
nfidd-mvn-season,HHS Region 9,2015-11-14,1,2015-11-21,ili perc,quantile,0.025,0.45729044788876744
nfidd-mvn-season,HHS Region 9,2015-11-14,1,2015-11-21,ili perc,quantile,0.05,0.5059106842078149
nfidd-mvn-season,HHS Region 9,2015-11-14,1,2015-11-21,ili perc,quantile,0.1,0.6688529531213723
nfidd-mvn-season,HHS Region 9,2015-11-14,1,2015-11-21,ili perc,quantile,0.15,0.7936260300323095
nfidd-mvn-season,HHS Region 9,2015-11-14,1,2015-11-21,ili perc,quantile,0.2,0.86569837551919
nfidd-mvn-season,HHS Region 9,2015-11-14,1,2015-11-21,ili perc,quantile,0.25,0.8899721055224881
nfidd-mvn-season,HHS Region 9,2015-11-14,1,2015-11-21,ili perc,quantile,0.3,0.9102039273253051
nfidd-mvn-season,HHS Region 9,2015-11-14,1,2015-11-21,ili perc,quantile,0.35,0.9774328170245064
nfidd-mvn-season,HHS Region 9,2015-11-14,1,2015-11-21,ili perc,quantile,0.4,1.037737493340226
nfidd-mvn-season,HHS Region 9,2015-11-14,1,2015-11-21,ili perc,quantile,0.45,1.0938966444669727
nfidd-mvn-season,HHS Region 9,2015-11-14,1,2015-11-21,ili perc,quantile,0.5,1.1668223849867068
nfidd-mvn-season,HHS Region 9,2015-11-14,1,2015-11-21,ili perc,quantile,0.55,1.1908487854527534
nfidd-mvn-season,HHS Region 9,2015-11-14,1,2015-11-21,ili perc,quantile,0.6,1.295698368839287
nfidd-mvn-season,HHS Region 9,2015-11-14,1,2015-11-21,ili perc,quantile,0.65,1.3701868889827253
nfidd-mvn-season,HHS Region 9,2015-11-14,1,2015-11-21,ili perc,quantile,0.7,1.471300173777363
nfidd-mvn-season,HHS Region 9,2015-11-14,1,2015-11-21,ili perc,quantile,0.75,1.621908701933234
nfidd-mvn-season,HHS Region 9,2015-11-14,1,2015-11-21,ili perc,quantile,0.8,1.7192955139435666
nfidd-mvn-season,HHS Region 9,2015-11-14,1,2015-11-21,ili perc,quantile,0.85,1.9083399211546181
nfidd-mvn-season,HHS Region 9,2015-11-14,1,2015-11-21,ili perc,quantile,0.9,2.016326019437308
nfidd-mvn-season,HHS Region 9,2015-11-14,1,2015-11-21,ili perc,quantile,0.95,2.3125039292701217
nfidd-mvn-season,HHS Region 9,2015-11-14,1,2015-11-21,ili perc,quantile,0.975,2.5699584928058785
nfidd-mvn-season,HHS Region 9,2015-11-14,1,2015-11-21,ili perc,quantile,0.99,2.8549683858441797
nfidd-mvn-season,HHS Region 9,2015-11-14,2,2015-11-28,ili perc,quantile,0.01,0.2667460539203663
nfidd-mvn-season,HHS Region 9,2015-11-14,2,2015-11-28,ili perc,quantile,0.025,0.3617633689315347
nfidd-mvn-season,HHS Region 9,2015-11-14,2,2015-11-28,ili perc,quantile,0.05,0.4510904305110577
nfidd-mvn-season,HHS Region 9,2015-11-14,2,2015-11-28,ili perc,quantile,0.1,0.5683360097957323
nfidd-mvn-season,HHS Region 9,2015-11-14,2,2015-11-28,ili perc,quantile,0.15,0.6531216559138265
nfidd-mvn-season,HHS Region 9,2015-11-14,2,2015-11-28,ili perc,quantile,0.2,0.7395632790412159
nfidd-mvn-season,HHS Region 9,2015-11-14,2,2015-11-28,ili perc,quantile,0.25,0.8343924751570694
nfidd-mvn-season,HHS Region 9,2015-11-14,2,2015-11-28,ili perc,quantile,0.3,0.9090370888951753
nfidd-mvn-season,HHS Region 9,2015-11-14,2,2015-11-28,ili perc,quantile,0.35,0.9828733658361797
nfidd-mvn-season,HHS Region 9,2015-11-14,2,2015-11-28,ili perc,quantile,0.4,1.03400128118259
nfidd-mvn-season,HHS Region 9,2015-11-14,2,2015-11-28,ili perc,quantile,0.45,1.1173385854749414
nfidd-mvn-season,HHS Region 9,2015-11-14,2,2015-11-28,ili perc,quantile,0.5,1.1708891862604325
nfidd-mvn-season,HHS Region 9,2015-11-14,2,2015-11-28,ili perc,quantile,0.55,1.239820115372396
nfidd-mvn-season,HHS Region 9,2015-11-14,2,2015-11-28,ili perc,quantile,0.6,1.307006369733784
nfidd-mvn-season,HHS Region 9,2015-11-14,2,2015-11-28,ili perc,quantile,0.65,1.3725156913639391
nfidd-mvn-season,HHS Region 9,2015-11-14,2,2015-11-28,ili perc,quantile,0.7,1.538442688634662
nfidd-mvn-season,HHS Region 9,2015-11-14,2,2015-11-28,ili perc,quantile,0.75,1.665511817457535
nfidd-mvn-season,HHS Region 9,2015-11-14,2,2015-11-28,ili perc,quantile,0.8,1.794751939433708
nfidd-mvn-season,HHS Region 9,2015-11-14,2,2015-11-28,ili perc,quantile,0.85,1.9565692949773477
nfidd-mvn-season,HHS Region 9,2015-11-14,2,2015-11-28,ili perc,quantile,0.9,2.2866187885967344
nfidd-mvn-season,HHS Region 9,2015-11-14,2,2015-11-28,ili perc,quantile,0.95,2.4683861820810113
nfidd-mvn-season,HHS Region 9,2015-11-14,2,2015-11-28,ili perc,quantile,0.975,2.8557771959036238
nfidd-mvn-season,HHS Region 9,2015-11-14,2,2015-11-28,ili perc,quantile,0.99,3.717631397075852
nfidd-mvn-season,HHS Region 9,2015-11-14,3,2015-12-05,ili perc,quantile,0.01,0.15641270793452244
nfidd-mvn-season,HHS Region 9,2015-11-14,3,2015-12-05,ili perc,quantile,0.025,0.26880927148874195
nfidd-mvn-season,HHS Region 9,2015-11-14,3,2015-12-05,ili perc,quantile,0.05,0.46187454173954023
nfidd-mvn-season,HHS Region 9,2015-11-14,3,2015-12-05,ili perc,quantile,0.1,0.5496416101885832
nfidd-mvn-season,HHS Region 9,2015-11-14,3,2015-12-05,ili perc,quantile,0.15,0.6120292799637309
nfidd-mvn-season,HHS Region 9,2015-11-14,3,2015-12-05,ili perc,quantile,0.2,0.7112355667840546
nfidd-mvn-season,HHS Region 9,2015-11-14,3,2015-12-05,ili perc,quantile,0.25,0.7512596815888819
nfidd-mvn-season,HHS Region 9,2015-11-14,3,2015-12-05,ili perc,quantile,0.3,0.8340594882875634
nfidd-mvn-season,HHS Region 9,2015-11-14,3,2015-12-05,ili perc,quantile,0.35,0.9267793133979931
nfidd-mvn-season,HHS Region 9,2015-11-14,3,2015-12-05,ili perc,quantile,0.4,1.0464213652704146
nfidd-mvn-season,HHS Region 9,2015-11-14,3,2015-12-05,ili perc,quantile,0.45,1.1258461827989974
nfidd-mvn-season,HHS Region 9,2015-11-14,3,2015-12-05,ili perc,quantile,0.5,1.1879353993368407
nfidd-mvn-season,HHS Region 9,2015-11-14,3,2015-12-05,ili perc,quantile,0.55,1.2629736554824353
nfidd-mvn-season,HHS Region 9,2015-11-14,3,2015-12-05,ili perc,quantile,0.6,1.348128924420845
nfidd-mvn-season,HHS Region 9,2015-11-14,3,2015-12-05,ili perc,quantile,0.65,1.4029793701430016
nfidd-mvn-season,HHS Region 9,2015-11-14,3,2015-12-05,ili perc,quantile,0.7,1.5640474440963887
nfidd-mvn-season,HHS Region 9,2015-11-14,3,2015-12-05,ili perc,quantile,0.75,1.7767216815163056
nfidd-mvn-season,HHS Region 9,2015-11-14,3,2015-12-05,ili perc,quantile,0.8,1.8590319398171382
nfidd-mvn-season,HHS Region 9,2015-11-14,3,2015-12-05,ili perc,quantile,0.85,1.9900544561767965
nfidd-mvn-season,HHS Region 9,2015-11-14,3,2015-12-05,ili perc,quantile,0.9,2.2302698152275684
nfidd-mvn-season,HHS Region 9,2015-11-14,3,2015-12-05,ili perc,quantile,0.95,2.873360133346838
nfidd-mvn-season,HHS Region 9,2015-11-14,3,2015-12-05,ili perc,quantile,0.975,3.2166982853117365
nfidd-mvn-season,HHS Region 9,2015-11-14,3,2015-12-05,ili perc,quantile,0.99,3.9858596438536424
nfidd-mvn-season,HHS Region 9,2015-11-14,4,2015-12-12,ili perc,quantile,0.01,0.18356728784910065
nfidd-mvn-season,HHS Region 9,2015-11-14,4,2015-12-12,ili perc,quantile,0.025,0.2550152531850274
nfidd-mvn-season,HHS Region 9,2015-11-14,4,2015-12-12,ili perc,quantile,0.05,0.3320297796317001
nfidd-mvn-season,HHS Region 9,2015-11-14,4,2015-12-12,ili perc,quantile,0.1,0.40534819108194453
nfidd-mvn-season,HHS Region 9,2015-11-14,4,2015-12-12,ili perc,quantile,0.15,0.5632689938792765
nfidd-mvn-season,HHS Region 9,2015-11-14,4,2015-12-12,ili perc,quantile,0.2,0.7164735630228988
nfidd-mvn-season,HHS Region 9,2015-11-14,4,2015-12-12,ili perc,quantile,0.25,0.7680454986911823
nfidd-mvn-season,HHS Region 9,2015-11-14,4,2015-12-12,ili perc,quantile,0.3,0.8793590378164848
nfidd-mvn-season,HHS Region 9,2015-11-14,4,2015-12-12,ili perc,quantile,0.35,0.9458806960913203
nfidd-mvn-season,HHS Region 9,2015-11-14,4,2015-12-12,ili perc,quantile,0.4,1.0132455233319804
nfidd-mvn-season,HHS Region 9,2015-11-14,4,2015-12-12,ili perc,quantile,0.45,1.1268611869745224
nfidd-mvn-season,HHS Region 9,2015-11-14,4,2015-12-12,ili perc,quantile,0.5,1.2587292241861379
nfidd-mvn-season,HHS Region 9,2015-11-14,4,2015-12-12,ili perc,quantile,0.55,1.341195673591709
nfidd-mvn-season,HHS Region 9,2015-11-14,4,2015-12-12,ili perc,quantile,0.6,1.416614988605804
nfidd-mvn-season,HHS Region 9,2015-11-14,4,2015-12-12,ili perc,quantile,0.65,1.4658422604236376
nfidd-mvn-season,HHS Region 9,2015-11-14,4,2015-12-12,ili perc,quantile,0.7,1.5860303495374013
nfidd-mvn-season,HHS Region 9,2015-11-14,4,2015-12-12,ili perc,quantile,0.75,1.6399268538164238
nfidd-mvn-season,HHS Region 9,2015-11-14,4,2015-12-12,ili perc,quantile,0.8,1.8016398549997008
nfidd-mvn-season,HHS Region 9,2015-11-14,4,2015-12-12,ili perc,quantile,0.85,2.000562485515065
nfidd-mvn-season,HHS Region 9,2015-11-14,4,2015-12-12,ili perc,quantile,0.9,2.362731913058938
nfidd-mvn-season,HHS Region 9,2015-11-14,4,2015-12-12,ili perc,quantile,0.95,2.7135995756234292
nfidd-mvn-season,HHS Region 9,2015-11-14,4,2015-12-12,ili perc,quantile,0.975,3.0637134491678504
nfidd-mvn-season,HHS Region 9,2015-11-14,4,2015-12-12,ili perc,quantile,0.99,3.574237674098244
nfidd-mvn-season,HHS Region 10,2015-11-14,1,2015-11-21,ili perc,quantile,0.01,0.180960902232894
nfidd-mvn-season,HHS Region 10,2015-11-14,1,2015-11-21,ili perc,quantile,0.025,0.2125670312905883
nfidd-mvn-season,HHS Region 10,2015-11-14,1,2015-11-21,ili perc,quantile,0.05,0.27378606449266163
nfidd-mvn-season,HHS Region 10,2015-11-14,1,2015-11-21,ili perc,quantile,0.1,0.3156743163144
nfidd-mvn-season,HHS Region 10,2015-11-14,1,2015-11-21,ili perc,quantile,0.15,0.36062301661187424
nfidd-mvn-season,HHS Region 10,2015-11-14,1,2015-11-21,ili perc,quantile,0.2,0.39879271058517785
nfidd-mvn-season,HHS Region 10,2015-11-14,1,2015-11-21,ili perc,quantile,0.25,0.43415322732589173
nfidd-mvn-season,HHS Region 10,2015-11-14,1,2015-11-21,ili perc,quantile,0.3,0.5055961514879292
nfidd-mvn-season,HHS Region 10,2015-11-14,1,2015-11-21,ili perc,quantile,0.35,0.5370736550158891
nfidd-mvn-season,HHS Region 10,2015-11-14,1,2015-11-21,ili perc,quantile,0.4,0.576310277966343
nfidd-mvn-season,HHS Region 10,2015-11-14,1,2015-11-21,ili perc,quantile,0.45,0.6117765834887345
nfidd-mvn-season,HHS Region 10,2015-11-14,1,2015-11-21,ili perc,quantile,0.5,0.6761113551894096
nfidd-mvn-season,HHS Region 10,2015-11-14,1,2015-11-21,ili perc,quantile,0.55,0.7269255217842322
nfidd-mvn-season,HHS Region 10,2015-11-14,1,2015-11-21,ili perc,quantile,0.6,0.7529872002566197
nfidd-mvn-season,HHS Region 10,2015-11-14,1,2015-11-21,ili perc,quantile,0.65,0.7973378022780234
nfidd-mvn-season,HHS Region 10,2015-11-14,1,2015-11-21,ili perc,quantile,0.7,0.8243484531747122
nfidd-mvn-season,HHS Region 10,2015-11-14,1,2015-11-21,ili perc,quantile,0.75,0.9026144798180737
nfidd-mvn-season,HHS Region 10,2015-11-14,1,2015-11-21,ili perc,quantile,0.8,1.0033787896555457
nfidd-mvn-season,HHS Region 10,2015-11-14,1,2015-11-21,ili perc,quantile,0.85,1.0545298664489473
nfidd-mvn-season,HHS Region 10,2015-11-14,1,2015-11-21,ili perc,quantile,0.9,1.1887329055825469
nfidd-mvn-season,HHS Region 10,2015-11-14,1,2015-11-21,ili perc,quantile,0.95,1.3572167070355143
nfidd-mvn-season,HHS Region 10,2015-11-14,1,2015-11-21,ili perc,quantile,0.975,1.5489720819395398
nfidd-mvn-season,HHS Region 10,2015-11-14,1,2015-11-21,ili perc,quantile,0.99,1.8055519366421469
nfidd-mvn-season,HHS Region 10,2015-11-14,2,2015-11-28,ili perc,quantile,0.01,0.13959934656835488
nfidd-mvn-season,HHS Region 10,2015-11-14,2,2015-11-28,ili perc,quantile,0.025,0.1565695466800066
nfidd-mvn-season,HHS Region 10,2015-11-14,2,2015-11-28,ili perc,quantile,0.05,0.1895260683663954
nfidd-mvn-season,HHS Region 10,2015-11-14,2,2015-11-28,ili perc,quantile,0.1,0.2599177274238391
nfidd-mvn-season,HHS Region 10,2015-11-14,2,2015-11-28,ili perc,quantile,0.15,0.3396003386434142
nfidd-mvn-season,HHS Region 10,2015-11-14,2,2015-11-28,ili perc,quantile,0.2,0.43438290545367747
nfidd-mvn-season,HHS Region 10,2015-11-14,2,2015-11-28,ili perc,quantile,0.25,0.4778746928453534
nfidd-mvn-season,HHS Region 10,2015-11-14,2,2015-11-28,ili perc,quantile,0.3,0.5204390404608147
nfidd-mvn-season,HHS Region 10,2015-11-14,2,2015-11-28,ili perc,quantile,0.35,0.6063525369740588
nfidd-mvn-season,HHS Region 10,2015-11-14,2,2015-11-28,ili perc,quantile,0.4,0.6570690892320866
nfidd-mvn-season,HHS Region 10,2015-11-14,2,2015-11-28,ili perc,quantile,0.45,0.7074916437173663
nfidd-mvn-season,HHS Region 10,2015-11-14,2,2015-11-28,ili perc,quantile,0.5,0.7604343458916898
nfidd-mvn-season,HHS Region 10,2015-11-14,2,2015-11-28,ili perc,quantile,0.55,0.8069519213303178
nfidd-mvn-season,HHS Region 10,2015-11-14,2,2015-11-28,ili perc,quantile,0.6,0.8528109304015994
nfidd-mvn-season,HHS Region 10,2015-11-14,2,2015-11-28,ili perc,quantile,0.65,0.8954225596847227
nfidd-mvn-season,HHS Region 10,2015-11-14,2,2015-11-28,ili perc,quantile,0.7,0.9219724700977234
nfidd-mvn-season,HHS Region 10,2015-11-14,2,2015-11-28,ili perc,quantile,0.75,1.0096093956074188
nfidd-mvn-season,HHS Region 10,2015-11-14,2,2015-11-28,ili perc,quantile,0.8,1.0874975251539087
nfidd-mvn-season,HHS Region 10,2015-11-14,2,2015-11-28,ili perc,quantile,0.85,1.1786508629177683
nfidd-mvn-season,HHS Region 10,2015-11-14,2,2015-11-28,ili perc,quantile,0.9,1.3086305719470415
nfidd-mvn-season,HHS Region 10,2015-11-14,2,2015-11-28,ili perc,quantile,0.95,1.477482545066854
nfidd-mvn-season,HHS Region 10,2015-11-14,2,2015-11-28,ili perc,quantile,0.975,1.7569833203927823
nfidd-mvn-season,HHS Region 10,2015-11-14,2,2015-11-28,ili perc,quantile,0.99,2.0280701447001794
nfidd-mvn-season,HHS Region 10,2015-11-14,3,2015-12-05,ili perc,quantile,0.01,0.11248096959140683
nfidd-mvn-season,HHS Region 10,2015-11-14,3,2015-12-05,ili perc,quantile,0.025,0.1309490350611608
nfidd-mvn-season,HHS Region 10,2015-11-14,3,2015-12-05,ili perc,quantile,0.05,0.1767474498294988
nfidd-mvn-season,HHS Region 10,2015-11-14,3,2015-12-05,ili perc,quantile,0.1,0.3239506945582916
nfidd-mvn-season,HHS Region 10,2015-11-14,3,2015-12-05,ili perc,quantile,0.15,0.3866939180266301
nfidd-mvn-season,HHS Region 10,2015-11-14,3,2015-12-05,ili perc,quantile,0.2,0.43008857692838454
nfidd-mvn-season,HHS Region 10,2015-11-14,3,2015-12-05,ili perc,quantile,0.25,0.4771981857614439
nfidd-mvn-season,HHS Region 10,2015-11-14,3,2015-12-05,ili perc,quantile,0.3,0.5350279694003307
nfidd-mvn-season,HHS Region 10,2015-11-14,3,2015-12-05,ili perc,quantile,0.35,0.5868716015706819
nfidd-mvn-season,HHS Region 10,2015-11-14,3,2015-12-05,ili perc,quantile,0.4,0.6195260732308432
nfidd-mvn-season,HHS Region 10,2015-11-14,3,2015-12-05,ili perc,quantile,0.45,0.6672849280119584
nfidd-mvn-season,HHS Region 10,2015-11-14,3,2015-12-05,ili perc,quantile,0.5,0.7524416614608664
nfidd-mvn-season,HHS Region 10,2015-11-14,3,2015-12-05,ili perc,quantile,0.55,0.859743129259659
nfidd-mvn-season,HHS Region 10,2015-11-14,3,2015-12-05,ili perc,quantile,0.6,0.9128164061317833
nfidd-mvn-season,HHS Region 10,2015-11-14,3,2015-12-05,ili perc,quantile,0.65,0.9771001787586535
nfidd-mvn-season,HHS Region 10,2015-11-14,3,2015-12-05,ili perc,quantile,0.7,1.060871862712309
nfidd-mvn-season,HHS Region 10,2015-11-14,3,2015-12-05,ili perc,quantile,0.75,1.1082278394841172
nfidd-mvn-season,HHS Region 10,2015-11-14,3,2015-12-05,ili perc,quantile,0.8,1.233092391874606
nfidd-mvn-season,HHS Region 10,2015-11-14,3,2015-12-05,ili perc,quantile,0.85,1.4390105479011
nfidd-mvn-season,HHS Region 10,2015-11-14,3,2015-12-05,ili perc,quantile,0.9,1.6992923902906296
nfidd-mvn-season,HHS Region 10,2015-11-14,3,2015-12-05,ili perc,quantile,0.95,1.9352580972331173
nfidd-mvn-season,HHS Region 10,2015-11-14,3,2015-12-05,ili perc,quantile,0.975,2.0894720495547876
nfidd-mvn-season,HHS Region 10,2015-11-14,3,2015-12-05,ili perc,quantile,0.99,2.4544959016262027
nfidd-mvn-season,HHS Region 10,2015-11-14,4,2015-12-12,ili perc,quantile,0.01,0.10718366374820408
nfidd-mvn-season,HHS Region 10,2015-11-14,4,2015-12-12,ili perc,quantile,0.025,0.12218616162130305
nfidd-mvn-season,HHS Region 10,2015-11-14,4,2015-12-12,ili perc,quantile,0.05,0.167364895912613
nfidd-mvn-season,HHS Region 10,2015-11-14,4,2015-12-12,ili perc,quantile,0.1,0.28294871263038845
nfidd-mvn-season,HHS Region 10,2015-11-14,4,2015-12-12,ili perc,quantile,0.15,0.3566789735771525
nfidd-mvn-season,HHS Region 10,2015-11-14,4,2015-12-12,ili perc,quantile,0.2,0.42252333557660404
nfidd-mvn-season,HHS Region 10,2015-11-14,4,2015-12-12,ili perc,quantile,0.25,0.4910716579767459
nfidd-mvn-season,HHS Region 10,2015-11-14,4,2015-12-12,ili perc,quantile,0.3,0.569653475457369
nfidd-mvn-season,HHS Region 10,2015-11-14,4,2015-12-12,ili perc,quantile,0.35,0.618614850099692
nfidd-mvn-season,HHS Region 10,2015-11-14,4,2015-12-12,ili perc,quantile,0.4,0.6970410453058256
nfidd-mvn-season,HHS Region 10,2015-11-14,4,2015-12-12,ili perc,quantile,0.45,0.7396524287758033
nfidd-mvn-season,HHS Region 10,2015-11-14,4,2015-12-12,ili perc,quantile,0.5,0.801790573796572
nfidd-mvn-season,HHS Region 10,2015-11-14,4,2015-12-12,ili perc,quantile,0.55,0.8486699995165712
nfidd-mvn-season,HHS Region 10,2015-11-14,4,2015-12-12,ili perc,quantile,0.6,0.9110912971226341
nfidd-mvn-season,HHS Region 10,2015-11-14,4,2015-12-12,ili perc,quantile,0.65,0.964889991261721
nfidd-mvn-season,HHS Region 10,2015-11-14,4,2015-12-12,ili perc,quantile,0.7,1.0611820898540039
nfidd-mvn-season,HHS Region 10,2015-11-14,4,2015-12-12,ili perc,quantile,0.75,1.2241115120370023
nfidd-mvn-season,HHS Region 10,2015-11-14,4,2015-12-12,ili perc,quantile,0.8,1.3950897012432657
nfidd-mvn-season,HHS Region 10,2015-11-14,4,2015-12-12,ili perc,quantile,0.85,1.5651965498186864
nfidd-mvn-season,HHS Region 10,2015-11-14,4,2015-12-12,ili perc,quantile,0.9,1.8835879637785065
nfidd-mvn-season,HHS Region 10,2015-11-14,4,2015-12-12,ili perc,quantile,0.95,2.1161259405388018
nfidd-mvn-season,HHS Region 10,2015-11-14,4,2015-12-12,ili perc,quantile,0.975,2.5677922217270623
nfidd-mvn-season,HHS Region 10,2015-11-14,4,2015-12-12,ili perc,quantile,0.99,2.72177087990044
